sku_id,city_id,period_month,qty_issued,issue_events,breakdown_events
MRO-10045,CHEN,2022-01,5,5,10
MRO-10045,CHEN,2022-02,6,6,12
MRO-10045,CHEN,2022-03,12,12,12
MRO-10045,CHEN,2022-04,2,2,10
MRO-10045,CHEN,2022-05,6,6,10
MRO-10045,CHEN,2022-06,5,5,8
MRO-10045,CHEN,2022-07,6,6,10
MRO-10045,CHEN,2022-08,6,6,16
MRO-10045,CHEN,2022-09,7,7,14
MRO-10045,CHEN,2022-10,10,10,15
MRO-10045,CHEN,2022-11,8,8,5
MRO-10045,CHEN,2022-12,5,5,10
MRO-10045,CHEN,2023-01,10,10,11
MRO-10045,CHEN,2023-02,3,3,8
MRO-10045,CHEN,2023-03,6,6,14
MRO-10045,CHEN,2023-04,4,4,8
MRO-10045,CHEN,2023-05,9,9,9
MRO-10045,CHEN,2023-06,13,13,12
MRO-10045,CHEN,2023-07,9,9,9
MRO-10045,CHEN,2023-08,8,8,16
MRO-10045,CHEN,2023-09,12,12,9
MRO-10045,CHEN,2023-10,8,8,16
MRO-10045,CHEN,2023-11,4,4,9
MRO-10045,CHEN,2023-12,10,10,8
MRO-10045,CHEN,2024-01,5,5,14
MRO-10045,CHEN,2024-02,6,6,15
MRO-10045,CHEN,2024-03,11,11,11
MRO-10045,CHEN,2024-04,3,3,16
MRO-10045,CHEN,2024-05,5,5,7
MRO-10045,CHEN,2024-06,10,10,8
MRO-10045,CHEN,2024-07,7,7,16
MRO-10045,CHEN,2024-08,6,6,10
MRO-10045,CHEN,2024-09,10,10,11
MRO-10045,CHEN,2024-10,10,10,8
MRO-10045,CHEN,2024-11,5,5,11
MRO-10045,CHEN,2024-12,7,7,6
MRO-10045,CHEN,2025-01,0,0,0
MRO-10045,DHAR,2022-01,4,4,16
MRO-10045,DHAR,2022-02,7,7,13
MRO-10045,DHAR,2022-03,9,9,12
MRO-10045,DHAR,2022-04,4,4,14
MRO-10045,DHAR,2022-05,4,4,12
MRO-10045,DHAR,2022-06,5,5,11
MRO-10045,DHAR,2022-07,4,4,11
MRO-10045,DHAR,2022-08,11,11,12
MRO-10045,DHAR,2022-09,5,5,9
MRO-10045,DHAR,2022-10,8,8,11
MRO-10045,DHAR,2022-11,4,4,17
MRO-10045,DHAR,2022-12,8,8,12
MRO-10045,DHAR,2023-01,4,4,13
MRO-10045,DHAR,2023-02,5,5,12
MRO-10045,DHAR,2023-03,13,13,11
MRO-10045,DHAR,2023-04,5,5,11
MRO-10045,DHAR,2023-05,7,7,16
MRO-10045,DHAR,2023-06,7,7,15
MRO-10045,DHAR,2023-07,5,5,11
MRO-10045,DHAR,2023-08,10,10,13
MRO-10045,DHAR,2023-09,8,8,14
MRO-10045,DHAR,2023-10,8,8,19
MRO-10045,DHAR,2023-11,11,11,15
MRO-10045,DHAR,2023-12,6,6,17
MRO-10045,DHAR,2024-01,12,12,16
MRO-10045,DHAR,2024-02,2,2,9
MRO-10045,DHAR,2024-03,13,13,11
MRO-10045,DHAR,2024-04,6,6,11
MRO-10045,DHAR,2024-05,8,8,13
MRO-10045,DHAR,2024-06,4,4,12
MRO-10045,DHAR,2024-07,4,4,19
MRO-10045,DHAR,2024-08,8,8,14
MRO-10045,DHAR,2024-09,7,7,15
MRO-10045,DHAR,2024-10,8,8,15
MRO-10045,DHAR,2024-11,7,7,18
MRO-10045,DHAR,2024-12,10,10,12
MRO-10045,DHAR,2025-01,0,0,1
MRO-10045,PUNE,2022-01,14,14,13
MRO-10045,PUNE,2022-02,6,6,11
MRO-10045,PUNE,2022-03,8,8,15
MRO-10045,PUNE,2022-04,6,6,10
MRO-10045,PUNE,2022-05,5,5,16
MRO-10045,PUNE,2022-06,14,14,12
MRO-10045,PUNE,2022-07,7,7,11
MRO-10045,PUNE,2022-08,8,8,23
MRO-10045,PUNE,2022-09,12,12,20
MRO-10045,PUNE,2022-10,4,4,16
MRO-10045,PUNE,2022-11,10,10,22
MRO-10045,PUNE,2022-12,9,9,12
MRO-10045,PUNE,2023-01,5,5,19
MRO-10045,PUNE,2023-02,11,11,19
MRO-10045,PUNE,2023-03,13,13,14
MRO-10045,PUNE,2023-04,8,8,15
MRO-10045,PUNE,2023-05,10,10,13
MRO-10045,PUNE,2023-06,5,5,6
MRO-10045,PUNE,2023-07,9,9,11
MRO-10045,PUNE,2023-08,7,7,14
MRO-10045,PUNE,2023-09,7,7,12
MRO-10045,PUNE,2023-10,8,8,16
MRO-10045,PUNE,2023-11,10,10,16
MRO-10045,PUNE,2023-12,9,9,21
MRO-10045,PUNE,2024-01,9,9,13
MRO-10045,PUNE,2024-02,9,9,17
MRO-10045,PUNE,2024-03,11,11,17
MRO-10045,PUNE,2024-04,13,13,19
MRO-10045,PUNE,2024-05,7,7,14
MRO-10045,PUNE,2024-06,6,6,19
MRO-10045,PUNE,2024-07,8,8,13
MRO-10045,PUNE,2024-08,8,8,10
MRO-10045,PUNE,2024-09,14,14,18
MRO-10045,PUNE,2024-10,9,9,9
MRO-10045,PUNE,2024-11,7,7,12
MRO-10045,PUNE,2024-12,9,9,18
MRO-10045,PUNE,2025-01,0,0,1
MRO-10046,CHEN,2022-01,5,5,15
MRO-10046,CHEN,2022-02,5,5,11
MRO-10046,CHEN,2022-03,8,8,9
MRO-10046,CHEN,2022-04,7,7,9
MRO-10046,CHEN,2022-05,7,7,11
MRO-10046,CHEN,2022-06,5,5,13
MRO-10046,CHEN,2022-07,3,3,8
MRO-10046,CHEN,2022-08,3,3,6
MRO-10046,CHEN,2022-09,8,8,8
MRO-10046,CHEN,2022-10,5,5,8
MRO-10046,CHEN,2022-11,7,7,9
MRO-10046,CHEN,2022-12,2,2,14
MRO-10046,CHEN,2023-01,9,9,12
MRO-10046,CHEN,2023-02,4,4,8
MRO-10046,CHEN,2023-03,12,12,11
MRO-10046,CHEN,2023-04,4,4,9
MRO-10046,CHEN,2023-05,8,8,13
MRO-10046,CHEN,2023-06,7,7,11
MRO-10046,CHEN,2023-07,4,4,5
MRO-10046,CHEN,2023-08,4,4,10
MRO-10046,CHEN,2023-09,6,6,11
MRO-10046,CHEN,2023-10,3,3,11
MRO-10046,CHEN,2023-11,6,6,10
MRO-10046,CHEN,2023-12,5,5,10
MRO-10046,CHEN,2024-01,4,4,9
MRO-10046,CHEN,2024-02,7,7,13
MRO-10046,CHEN,2024-03,5,5,9
MRO-10046,CHEN,2024-04,9,9,7
MRO-10046,CHEN,2024-05,14,14,11
MRO-10046,CHEN,2024-06,4,4,9
MRO-10046,CHEN,2024-07,8,8,12
MRO-10046,CHEN,2024-08,9,9,11
MRO-10046,CHEN,2024-09,5,5,11
MRO-10046,CHEN,2024-10,6,6,19
MRO-10046,CHEN,2024-11,3,3,11
MRO-10046,CHEN,2024-12,8,8,8
MRO-10046,CHEN,2025-01,0,0,0
MRO-10046,DHAR,2022-01,6,6,14
MRO-10046,DHAR,2022-02,7,7,8
MRO-10046,DHAR,2022-03,10,10,15
MRO-10046,DHAR,2022-04,7,7,19
MRO-10046,DHAR,2022-05,4,4,5
MRO-10046,DHAR,2022-06,6,6,9
MRO-10046,DHAR,2022-07,7,7,17
MRO-10046,DHAR,2022-08,7,7,9
MRO-10046,DHAR,2022-09,10,10,15
MRO-10046,DHAR,2022-10,4,4,8
MRO-10046,DHAR,2022-11,3,3,13
MRO-10046,DHAR,2022-12,6,6,15
MRO-10046,DHAR,2023-01,6,6,14
MRO-10046,DHAR,2023-02,6,6,9
MRO-10046,DHAR,2023-03,11,11,22
MRO-10046,DHAR,2023-04,11,11,12
MRO-10046,DHAR,2023-05,6,6,15
MRO-10046,DHAR,2023-06,9,9,8
MRO-10046,DHAR,2023-07,2,2,11
MRO-10046,DHAR,2023-08,7,7,14
MRO-10046,DHAR,2023-09,6,6,18
MRO-10046,DHAR,2023-10,6,6,13
MRO-10046,DHAR,2023-11,2,2,14
MRO-10046,DHAR,2023-12,8,8,12
MRO-10046,DHAR,2024-01,7,7,17
MRO-10046,DHAR,2024-02,11,11,15
MRO-10046,DHAR,2024-03,10,10,14
MRO-10046,DHAR,2024-04,5,5,10
MRO-10046,DHAR,2024-05,5,5,18
MRO-10046,DHAR,2024-06,1,1,13
MRO-10046,DHAR,2024-07,4,4,13
MRO-10046,DHAR,2024-08,4,4,13
MRO-10046,DHAR,2024-09,8,8,15
MRO-10046,DHAR,2024-10,6,6,17
MRO-10046,DHAR,2024-11,2,2,8
MRO-10046,DHAR,2024-12,6,6,17
MRO-10046,DHAR,2025-01,0,0,0
MRO-10046,PUNE,2022-01,7,7,18
MRO-10046,PUNE,2022-02,7,7,12
MRO-10046,PUNE,2022-03,8,8,22
MRO-10046,PUNE,2022-04,6,6,16
MRO-10046,PUNE,2022-05,10,10,23
MRO-10046,PUNE,2022-06,9,9,16
MRO-10046,PUNE,2022-07,4,4,14
MRO-10046,PUNE,2022-08,11,11,14
MRO-10046,PUNE,2022-09,9,9,15
MRO-10046,PUNE,2022-10,6,6,14
MRO-10046,PUNE,2022-11,8,8,14
MRO-10046,PUNE,2022-12,12,12,15
MRO-10046,PUNE,2023-01,3,3,14
MRO-10046,PUNE,2023-02,2,2,12
MRO-10046,PUNE,2023-03,5,5,18
MRO-10046,PUNE,2023-04,4,4,13
MRO-10046,PUNE,2023-05,6,6,14
MRO-10046,PUNE,2023-06,12,12,8
MRO-10046,PUNE,2023-07,7,7,15
MRO-10046,PUNE,2023-08,7,7,17
MRO-10046,PUNE,2023-09,7,7,17
MRO-10046,PUNE,2023-10,4,4,16
MRO-10046,PUNE,2023-11,3,3,15
MRO-10046,PUNE,2023-12,2,2,20
MRO-10046,PUNE,2024-01,7,7,17
MRO-10046,PUNE,2024-02,9,9,14
MRO-10046,PUNE,2024-03,5,5,14
MRO-10046,PUNE,2024-04,15,15,15
MRO-10046,PUNE,2024-05,14,14,18
MRO-10046,PUNE,2024-06,7,7,17
MRO-10046,PUNE,2024-07,7,7,19
MRO-10046,PUNE,2024-08,6,6,13
MRO-10046,PUNE,2024-09,10,10,10
MRO-10046,PUNE,2024-10,7,7,19
MRO-10046,PUNE,2024-11,4,4,20
MRO-10046,PUNE,2024-12,5,5,17
MRO-10046,PUNE,2025-01,0,0,1
MRO-10047,CHEN,2022-01,8,8,11
MRO-10047,CHEN,2022-02,4,4,13
MRO-10047,CHEN,2022-03,5,5,13
MRO-10047,CHEN,2022-04,4,4,15
MRO-10047,CHEN,2022-05,8,8,8
MRO-10047,CHEN,2022-06,7,7,12
MRO-10047,CHEN,2022-07,4,4,11
MRO-10047,CHEN,2022-08,6,6,10
MRO-10047,CHEN,2022-09,3,3,11
MRO-10047,CHEN,2022-10,9,9,8
MRO-10047,CHEN,2022-11,6,6,9
MRO-10047,CHEN,2022-12,7,7,12
MRO-10047,CHEN,2023-01,6,6,14
MRO-10047,CHEN,2023-02,2,2,10
MRO-10047,CHEN,2023-03,10,10,9
MRO-10047,CHEN,2023-04,3,3,14
MRO-10047,CHEN,2023-05,9,9,12
MRO-10047,CHEN,2023-06,10,10,9
MRO-10047,CHEN,2023-07,4,4,9
MRO-10047,CHEN,2023-08,7,7,13
MRO-10047,CHEN,2023-09,7,7,11
MRO-10047,CHEN,2023-10,7,7,14
MRO-10047,CHEN,2023-11,3,3,17
MRO-10047,CHEN,2023-12,8,8,13
MRO-10047,CHEN,2024-01,4,4,8
MRO-10047,CHEN,2024-02,6,6,5
MRO-10047,CHEN,2024-03,6,6,9
MRO-10047,CHEN,2024-04,6,6,16
MRO-10047,CHEN,2024-05,8,8,8
MRO-10047,CHEN,2024-06,9,9,6
MRO-10047,CHEN,2024-07,8,8,14
MRO-10047,CHEN,2024-08,3,3,8
MRO-10047,CHEN,2024-09,10,10,9
MRO-10047,CHEN,2024-10,4,4,12
MRO-10047,CHEN,2024-11,6,6,9
MRO-10047,CHEN,2024-12,8,8,13
MRO-10047,CHEN,2025-01,0,0,0
MRO-10047,DHAR,2022-01,8,8,14
MRO-10047,DHAR,2022-02,8,8,9
MRO-10047,DHAR,2022-03,6,6,10
MRO-10047,DHAR,2022-04,3,3,9
MRO-10047,DHAR,2022-05,2,2,15
MRO-10047,DHAR,2022-06,3,3,17
MRO-10047,DHAR,2022-07,5,5,11
MRO-10047,DHAR,2022-08,5,5,12
MRO-10047,DHAR,2022-09,8,8,12
MRO-10047,DHAR,2022-10,10,10,8
MRO-10047,DHAR,2022-11,6,6,14
MRO-10047,DHAR,2022-12,5,5,16
MRO-10047,DHAR,2023-01,5,5,17
MRO-10047,DHAR,2023-02,10,10,12
MRO-10047,DHAR,2023-03,9,9,16
MRO-10047,DHAR,2023-04,2,2,12
MRO-10047,DHAR,2023-05,6,6,9
MRO-10047,DHAR,2023-06,11,11,15
MRO-10047,DHAR,2023-07,1,1,15
MRO-10047,DHAR,2023-08,3,3,12
MRO-10047,DHAR,2023-09,4,4,8
MRO-10047,DHAR,2023-10,8,8,14
MRO-10047,DHAR,2023-11,5,5,9
MRO-10047,DHAR,2023-12,7,7,14
MRO-10047,DHAR,2024-01,8,8,12
MRO-10047,DHAR,2024-02,7,7,19
MRO-10047,DHAR,2024-03,7,7,8
MRO-10047,DHAR,2024-04,7,7,15
MRO-10047,DHAR,2024-05,4,4,7
MRO-10047,DHAR,2024-06,8,8,12
MRO-10047,DHAR,2024-07,4,4,14
MRO-10047,DHAR,2024-08,10,10,13
MRO-10047,DHAR,2024-09,6,6,10
MRO-10047,DHAR,2024-10,4,4,16
MRO-10047,DHAR,2024-11,3,3,17
MRO-10047,DHAR,2024-12,10,10,15
MRO-10047,DHAR,2025-01,1,1,1
MRO-10047,PUNE,2022-01,5,5,19
MRO-10047,PUNE,2022-02,7,7,13
MRO-10047,PUNE,2022-03,11,11,11
MRO-10047,PUNE,2022-04,5,5,11
MRO-10047,PUNE,2022-05,11,11,15
MRO-10047,PUNE,2022-06,8,8,19
MRO-10047,PUNE,2022-07,11,11,15
MRO-10047,PUNE,2022-08,7,7,16
MRO-10047,PUNE,2022-09,13,13,12
MRO-10047,PUNE,2022-10,10,10,13
MRO-10047,PUNE,2022-11,9,9,16
MRO-10047,PUNE,2022-12,15,15,18
MRO-10047,PUNE,2023-01,9,9,21
MRO-10047,PUNE,2023-02,5,5,17
MRO-10047,PUNE,2023-03,15,15,13
MRO-10047,PUNE,2023-04,9,9,17
MRO-10047,PUNE,2023-05,8,8,11
MRO-10047,PUNE,2023-06,12,12,15
MRO-10047,PUNE,2023-07,9,9,17
MRO-10047,PUNE,2023-08,11,11,18
MRO-10047,PUNE,2023-09,5,5,18
MRO-10047,PUNE,2023-10,2,2,13
MRO-10047,PUNE,2023-11,10,10,10
MRO-10047,PUNE,2023-12,8,8,13
MRO-10047,PUNE,2024-01,8,8,21
MRO-10047,PUNE,2024-02,4,4,11
MRO-10047,PUNE,2024-03,3,3,17
MRO-10047,PUNE,2024-04,10,10,14
MRO-10047,PUNE,2024-05,8,8,11
MRO-10047,PUNE,2024-06,5,5,13
MRO-10047,PUNE,2024-07,5,5,19
MRO-10047,PUNE,2024-08,10,10,11
MRO-10047,PUNE,2024-09,10,10,11
MRO-10047,PUNE,2024-10,10,10,20
MRO-10047,PUNE,2024-11,8,8,14
MRO-10047,PUNE,2024-12,11,11,13
MRO-10047,PUNE,2025-01,0,0,0
MRO-20031,CHEN,2022-01,10,10,14
MRO-20031,CHEN,2022-02,4,4,11
MRO-20031,CHEN,2022-03,12,12,9
MRO-20031,CHEN,2022-04,7,7,8
MRO-20031,CHEN,2022-05,11,11,12
MRO-20031,CHEN,2022-06,8,8,9
MRO-20031,CHEN,2022-07,11,11,11
MRO-20031,CHEN,2022-08,8,8,10
MRO-20031,CHEN,2022-09,8,8,7
MRO-20031,CHEN,2022-10,7,7,11
MRO-20031,CHEN,2022-11,8,8,15
MRO-20031,CHEN,2022-12,12,12,14
MRO-20031,CHEN,2023-01,3,3,7
MRO-20031,CHEN,2023-02,7,7,12
MRO-20031,CHEN,2023-03,11,11,10
MRO-20031,CHEN,2023-04,8,8,8
MRO-20031,CHEN,2023-05,5,5,10
MRO-20031,CHEN,2023-06,13,13,12
MRO-20031,CHEN,2023-07,9,9,5
MRO-20031,CHEN,2023-08,4,4,17
MRO-20031,CHEN,2023-09,3,3,16
MRO-20031,CHEN,2023-10,7,7,13
MRO-20031,CHEN,2023-11,8,8,10
MRO-20031,CHEN,2023-12,3,3,12
MRO-20031,CHEN,2024-01,12,12,14
MRO-20031,CHEN,2024-02,8,8,18
MRO-20031,CHEN,2024-03,3,3,8
MRO-20031,CHEN,2024-04,5,5,8
MRO-20031,CHEN,2024-05,10,10,11
MRO-20031,CHEN,2024-06,4,4,10
MRO-20031,CHEN,2024-07,9,9,12
MRO-20031,CHEN,2024-08,6,6,12
MRO-20031,CHEN,2024-09,10,10,12
MRO-20031,CHEN,2024-10,6,6,8
MRO-20031,CHEN,2024-11,11,11,9
MRO-20031,CHEN,2024-12,2,2,16
MRO-20031,CHEN,2025-01,0,0,1
MRO-20031,DHAR,2022-01,3,3,14
MRO-20031,DHAR,2022-02,5,5,14
MRO-20031,DHAR,2022-03,9,9,8
MRO-20031,DHAR,2022-04,7,7,8
MRO-20031,DHAR,2022-05,3,3,13
MRO-20031,DHAR,2022-06,6,6,14
MRO-20031,DHAR,2022-07,9,9,11
MRO-20031,DHAR,2022-08,9,9,12
MRO-20031,DHAR,2022-09,12,12,18
MRO-20031,DHAR,2022-10,7,7,11
MRO-20031,DHAR,2022-11,8,8,11
MRO-20031,DHAR,2022-12,8,8,16
MRO-20031,DHAR,2023-01,3,3,11
MRO-20031,DHAR,2023-02,5,5,12
MRO-20031,DHAR,2023-03,10,10,19
MRO-20031,DHAR,2023-04,4,4,9
MRO-20031,DHAR,2023-05,12,12,11
MRO-20031,DHAR,2023-06,7,7,16
MRO-20031,DHAR,2023-07,9,9,11
MRO-20031,DHAR,2023-08,8,8,10
MRO-20031,DHAR,2023-09,11,11,12
MRO-20031,DHAR,2023-10,9,9,17
MRO-20031,DHAR,2023-11,7,7,6
MRO-20031,DHAR,2023-12,7,7,12
MRO-20031,DHAR,2024-01,6,6,14
MRO-20031,DHAR,2024-02,3,3,11
MRO-20031,DHAR,2024-03,6,6,11
MRO-20031,DHAR,2024-04,6,6,9
MRO-20031,DHAR,2024-05,5,5,15
MRO-20031,DHAR,2024-06,8,8,17
MRO-20031,DHAR,2024-07,6,6,17
MRO-20031,DHAR,2024-08,7,7,5
MRO-20031,DHAR,2024-09,11,11,19
MRO-20031,DHAR,2024-10,10,10,16
MRO-20031,DHAR,2024-11,7,7,13
MRO-20031,DHAR,2024-12,9,9,12
MRO-20031,DHAR,2025-01,0,0,0
MRO-20031,PUNE,2022-01,11,11,17
MRO-20031,PUNE,2022-02,7,7,14
MRO-20031,PUNE,2022-03,13,13,12
MRO-20031,PUNE,2022-04,9,9,15
MRO-20031,PUNE,2022-05,4,4,16
MRO-20031,PUNE,2022-06,15,15,19
MRO-20031,PUNE,2022-07,10,10,14
MRO-20031,PUNE,2022-08,10,10,14
MRO-20031,PUNE,2022-09,11,11,15
MRO-20031,PUNE,2022-10,8,8,13
MRO-20031,PUNE,2022-11,5,5,11
MRO-20031,PUNE,2022-12,16,16,20
MRO-20031,PUNE,2023-01,12,12,13
MRO-20031,PUNE,2023-02,18,18,10
MRO-20031,PUNE,2023-03,8,8,17
MRO-20031,PUNE,2023-04,10,10,13
MRO-20031,PUNE,2023-05,6,6,16
MRO-20031,PUNE,2023-06,8,8,10
MRO-20031,PUNE,2023-07,4,4,16
MRO-20031,PUNE,2023-08,8,8,13
MRO-20031,PUNE,2023-09,12,12,17
MRO-20031,PUNE,2023-10,6,6,20
MRO-20031,PUNE,2023-11,13,13,20
MRO-20031,PUNE,2023-12,15,15,16
MRO-20031,PUNE,2024-01,8,8,20
MRO-20031,PUNE,2024-02,8,8,17
MRO-20031,PUNE,2024-03,12,12,12
MRO-20031,PUNE,2024-04,8,8,10
MRO-20031,PUNE,2024-05,14,14,14
MRO-20031,PUNE,2024-06,6,6,10
MRO-20031,PUNE,2024-07,6,6,16
MRO-20031,PUNE,2024-08,13,13,17
MRO-20031,PUNE,2024-09,6,6,15
MRO-20031,PUNE,2024-10,8,8,7
MRO-20031,PUNE,2024-11,10,10,16
MRO-20031,PUNE,2024-12,17,17,20
MRO-20031,PUNE,2025-01,0,0,0
MRO-20032,CHEN,2022-01,7,7,6
MRO-20032,CHEN,2022-02,6,6,5
MRO-20032,CHEN,2022-03,8,8,4
MRO-20032,CHEN,2022-04,6,6,4
MRO-20032,CHEN,2022-05,4,4,8
MRO-20032,CHEN,2022-06,11,11,7
MRO-20032,CHEN,2022-07,6,6,8
MRO-20032,CHEN,2022-08,2,2,6
MRO-20032,CHEN,2022-09,6,6,2
MRO-20032,CHEN,2022-10,5,5,6
MRO-20032,CHEN,2022-11,4,4,4
MRO-20032,CHEN,2022-12,7,7,9
MRO-20032,CHEN,2023-01,4,4,7
MRO-20032,CHEN,2023-02,7,7,2
MRO-20032,CHEN,2023-03,10,10,2
MRO-20032,CHEN,2023-04,6,6,6
MRO-20032,CHEN,2023-05,7,7,2
MRO-20032,CHEN,2023-06,4,4,7
MRO-20032,CHEN,2023-07,8,8,4
MRO-20032,CHEN,2023-08,4,4,6
MRO-20032,CHEN,2023-09,7,7,8
MRO-20032,CHEN,2023-10,9,9,7
MRO-20032,CHEN,2023-11,5,5,10
MRO-20032,CHEN,2023-12,11,11,6
MRO-20032,CHEN,2024-01,4,4,5
MRO-20032,CHEN,2024-02,4,4,5
MRO-20032,CHEN,2024-03,8,8,4
MRO-20032,CHEN,2024-04,9,9,3
MRO-20032,CHEN,2024-05,3,3,7
MRO-20032,CHEN,2024-06,8,8,5
MRO-20032,CHEN,2024-07,5,5,5
MRO-20032,CHEN,2024-08,5,5,4
MRO-20032,CHEN,2024-09,10,10,6
MRO-20032,CHEN,2024-10,3,3,2
MRO-20032,CHEN,2024-11,9,9,5
MRO-20032,CHEN,2024-12,8,8,9
MRO-20032,CHEN,2025-01,0,0,0
MRO-20032,DHAR,2022-01,8,8,3
MRO-20032,DHAR,2022-02,7,7,7
MRO-20032,DHAR,2022-03,12,12,7
MRO-20032,DHAR,2022-04,5,5,8
MRO-20032,DHAR,2022-05,5,5,4
MRO-20032,DHAR,2022-06,9,9,7
MRO-20032,DHAR,2022-07,2,2,8
MRO-20032,DHAR,2022-08,4,4,6
MRO-20032,DHAR,2022-09,12,12,8
MRO-20032,DHAR,2022-10,2,2,8
MRO-20032,DHAR,2022-11,5,5,7
MRO-20032,DHAR,2022-12,9,9,10
MRO-20032,DHAR,2023-01,7,7,5
MRO-20032,DHAR,2023-02,2,2,4
MRO-20032,DHAR,2023-03,8,8,9
MRO-20032,DHAR,2023-04,5,5,6
MRO-20032,DHAR,2023-05,4,4,6
MRO-20032,DHAR,2023-06,7,7,6
MRO-20032,DHAR,2023-07,5,5,5
MRO-20032,DHAR,2023-08,14,14,6
MRO-20032,DHAR,2023-09,7,7,4
MRO-20032,DHAR,2023-10,4,4,8
MRO-20032,DHAR,2023-11,8,8,3
MRO-20032,DHAR,2023-12,5,5,2
MRO-20032,DHAR,2024-01,6,6,7
MRO-20032,DHAR,2024-02,7,7,9
MRO-20032,DHAR,2024-03,4,4,4
MRO-20032,DHAR,2024-04,9,9,7
MRO-20032,DHAR,2024-05,10,10,5
MRO-20032,DHAR,2024-06,9,9,5
MRO-20032,DHAR,2024-07,8,8,7
MRO-20032,DHAR,2024-08,6,6,4
MRO-20032,DHAR,2024-09,3,3,6
MRO-20032,DHAR,2024-10,9,9,8
MRO-20032,DHAR,2024-11,5,5,6
MRO-20032,DHAR,2024-12,8,8,9
MRO-20032,DHAR,2025-01,1,1,0
MRO-20032,PUNE,2022-01,4,4,9
MRO-20032,PUNE,2022-02,9,9,9
MRO-20032,PUNE,2022-03,11,11,7
MRO-20032,PUNE,2022-04,9,9,9
MRO-20032,PUNE,2022-05,5,5,4
MRO-20032,PUNE,2022-06,8,8,10
MRO-20032,PUNE,2022-07,6,6,4
MRO-20032,PUNE,2022-08,5,5,11
MRO-20032,PUNE,2022-09,9,9,5
MRO-20032,PUNE,2022-10,4,4,5
MRO-20032,PUNE,2022-11,9,9,8
MRO-20032,PUNE,2022-12,14,14,5
MRO-20032,PUNE,2023-01,7,7,1
MRO-20032,PUNE,2023-02,9,9,11
MRO-20032,PUNE,2023-03,7,7,5
MRO-20032,PUNE,2023-04,9,9,9
MRO-20032,PUNE,2023-05,8,8,9
MRO-20032,PUNE,2023-06,12,12,8
MRO-20032,PUNE,2023-07,5,5,8
MRO-20032,PUNE,2023-08,9,9,9
MRO-20032,PUNE,2023-09,7,7,11
MRO-20032,PUNE,2023-10,2,2,9
MRO-20032,PUNE,2023-11,8,8,5
MRO-20032,PUNE,2023-12,10,10,15
MRO-20032,PUNE,2024-01,5,5,5
MRO-20032,PUNE,2024-02,7,7,6
MRO-20032,PUNE,2024-03,11,11,10
MRO-20032,PUNE,2024-04,15,15,7
MRO-20032,PUNE,2024-05,9,9,5
MRO-20032,PUNE,2024-06,11,11,8
MRO-20032,PUNE,2024-07,8,8,9
MRO-20032,PUNE,2024-08,10,10,9
MRO-20032,PUNE,2024-09,8,8,3
MRO-20032,PUNE,2024-10,8,8,9
MRO-20032,PUNE,2024-11,10,10,4
MRO-20032,PUNE,2024-12,13,13,7
MRO-20032,PUNE,2025-01,0,0,0
MRO-20033,CHEN,2022-01,3,3,9
MRO-20033,CHEN,2022-02,9,9,10
MRO-20033,CHEN,2022-03,12,12,8
MRO-20033,CHEN,2022-04,4,4,7
MRO-20033,CHEN,2022-05,8,8,8
MRO-20033,CHEN,2022-06,5,5,10
MRO-20033,CHEN,2022-07,3,3,6
MRO-20033,CHEN,2022-08,8,8,8
MRO-20033,CHEN,2022-09,7,7,10
MRO-20033,CHEN,2022-10,9,9,6
MRO-20033,CHEN,2022-11,8,8,8
MRO-20033,CHEN,2022-12,6,6,7
MRO-20033,CHEN,2023-01,6,6,14
MRO-20033,CHEN,2023-02,3,3,8
MRO-20033,CHEN,2023-03,2,2,14
MRO-20033,CHEN,2023-04,8,8,2
MRO-20033,CHEN,2023-05,6,6,8
MRO-20033,CHEN,2023-06,7,7,9
MRO-20033,CHEN,2023-07,2,2,8
MRO-20033,CHEN,2023-08,8,8,8
MRO-20033,CHEN,2023-09,8,8,4
MRO-20033,CHEN,2023-10,6,6,12
MRO-20033,CHEN,2023-11,10,10,10
MRO-20033,CHEN,2023-12,4,4,6
MRO-20033,CHEN,2024-01,7,7,8
MRO-20033,CHEN,2024-02,5,5,10
MRO-20033,CHEN,2024-03,7,7,12
MRO-20033,CHEN,2024-04,4,4,3
MRO-20033,CHEN,2024-05,5,5,7
MRO-20033,CHEN,2024-06,7,7,6
MRO-20033,CHEN,2024-07,6,6,13
MRO-20033,CHEN,2024-08,3,3,11
MRO-20033,CHEN,2024-09,9,9,9
MRO-20033,CHEN,2024-10,4,4,8
MRO-20033,CHEN,2024-11,5,5,6
MRO-20033,CHEN,2024-12,7,7,4
MRO-20033,CHEN,2025-01,0,0,0
MRO-20033,DHAR,2022-01,5,5,9
MRO-20033,DHAR,2022-02,6,6,8
MRO-20033,DHAR,2022-03,7,7,10
MRO-20033,DHAR,2022-04,3,3,5
MRO-20033,DHAR,2022-05,5,5,8
MRO-20033,DHAR,2022-06,6,6,6
MRO-20033,DHAR,2022-07,4,4,4
MRO-20033,DHAR,2022-08,9,9,10
MRO-20033,DHAR,2022-09,6,6,13
MRO-20033,DHAR,2022-10,6,6,8
MRO-20033,DHAR,2022-11,8,8,13
MRO-20033,DHAR,2022-12,9,9,13
MRO-20033,DHAR,2023-01,7,7,7
MRO-20033,DHAR,2023-02,5,5,9
MRO-20033,DHAR,2023-03,6,6,14
MRO-20033,DHAR,2023-04,3,3,9
MRO-20033,DHAR,2023-05,6,6,12
MRO-20033,DHAR,2023-06,4,4,9
MRO-20033,DHAR,2023-07,7,7,10
MRO-20033,DHAR,2023-08,1,1,14
MRO-20033,DHAR,2023-09,7,7,12
MRO-20033,DHAR,2023-10,3,3,11
MRO-20033,DHAR,2023-11,8,8,12
MRO-20033,DHAR,2023-12,10,10,9
MRO-20033,DHAR,2024-01,6,6,13
MRO-20033,DHAR,2024-02,6,6,6
MRO-20033,DHAR,2024-03,2,2,11
MRO-20033,DHAR,2024-04,7,7,13
MRO-20033,DHAR,2024-05,6,6,12
MRO-20033,DHAR,2024-06,9,9,11
MRO-20033,DHAR,2024-07,9,9,9
MRO-20033,DHAR,2024-08,2,2,10
MRO-20033,DHAR,2024-09,2,2,8
MRO-20033,DHAR,2024-10,4,4,9
MRO-20033,DHAR,2024-11,1,1,9
MRO-20033,DHAR,2024-12,12,12,10
MRO-20033,DHAR,2025-01,0,0,2
MRO-20033,PUNE,2022-01,10,10,11
MRO-20033,PUNE,2022-02,10,10,17
MRO-20033,PUNE,2022-03,10,10,15
MRO-20033,PUNE,2022-04,12,12,12
MRO-20033,PUNE,2022-05,8,8,9
MRO-20033,PUNE,2022-06,8,8,8
MRO-20033,PUNE,2022-07,7,7,9
MRO-20033,PUNE,2022-08,8,8,3
MRO-20033,PUNE,2022-09,11,11,9
MRO-20033,PUNE,2022-10,3,3,13
MRO-20033,PUNE,2022-11,5,5,12
MRO-20033,PUNE,2022-12,7,7,13
MRO-20033,PUNE,2023-01,5,5,10
MRO-20033,PUNE,2023-02,5,5,10
MRO-20033,PUNE,2023-03,6,6,14
MRO-20033,PUNE,2023-04,10,10,9
MRO-20033,PUNE,2023-05,8,8,7
MRO-20033,PUNE,2023-06,10,10,12
MRO-20033,PUNE,2023-07,11,11,8
MRO-20033,PUNE,2023-08,9,9,8
MRO-20033,PUNE,2023-09,6,6,14
MRO-20033,PUNE,2023-10,8,8,11
MRO-20033,PUNE,2023-11,5,5,13
MRO-20033,PUNE,2023-12,5,5,12
MRO-20033,PUNE,2024-01,12,12,17
MRO-20033,PUNE,2024-02,10,10,19
MRO-20033,PUNE,2024-03,5,5,12
MRO-20033,PUNE,2024-04,15,15,4
MRO-20033,PUNE,2024-05,9,9,11
MRO-20033,PUNE,2024-06,12,12,8
MRO-20033,PUNE,2024-07,8,8,10
MRO-20033,PUNE,2024-08,4,4,4
MRO-20033,PUNE,2024-09,10,10,4
MRO-20033,PUNE,2024-10,7,7,12
MRO-20033,PUNE,2024-11,7,7,12
MRO-20033,PUNE,2024-12,15,15,10
MRO-20033,PUNE,2025-01,0,0,1
MRO-30011,CHEN,2022-01,17,17,8
MRO-30011,CHEN,2022-02,23,23,7
MRO-30011,CHEN,2022-03,23,23,6
MRO-30011,CHEN,2022-04,12,12,5
MRO-30011,CHEN,2022-05,14,14,10
MRO-30011,CHEN,2022-06,18,18,5
MRO-30011,CHEN,2022-07,13,13,7
MRO-30011,CHEN,2022-08,18,18,7
MRO-30011,CHEN,2022-09,30,30,3
MRO-30011,CHEN,2022-10,18,18,12
MRO-30011,CHEN,2022-11,10,10,11
MRO-30011,CHEN,2022-12,23,23,10
MRO-30011,CHEN,2023-01,14,14,11
MRO-30011,CHEN,2023-02,16,16,11
MRO-30011,CHEN,2023-03,16,16,7
MRO-30011,CHEN,2023-04,13,13,6
MRO-30011,CHEN,2023-05,25,25,6
MRO-30011,CHEN,2023-06,18,18,11
MRO-30011,CHEN,2023-07,22,22,4
MRO-30011,CHEN,2023-08,13,13,6
MRO-30011,CHEN,2023-09,21,21,5
MRO-30011,CHEN,2023-10,17,17,6
MRO-30011,CHEN,2023-11,18,18,9
MRO-30011,CHEN,2023-12,24,24,5
MRO-30011,CHEN,2024-01,20,20,12
MRO-30011,CHEN,2024-02,14,14,9
MRO-30011,CHEN,2024-03,20,20,5
MRO-30011,CHEN,2024-04,19,19,6
MRO-30011,CHEN,2024-05,25,25,6
MRO-30011,CHEN,2024-06,15,15,9
MRO-30011,CHEN,2024-07,20,20,5
MRO-30011,CHEN,2024-08,18,18,14
MRO-30011,CHEN,2024-09,20,20,8
MRO-30011,CHEN,2024-10,15,15,8
MRO-30011,CHEN,2024-11,17,17,7
MRO-30011,CHEN,2024-12,22,22,8
MRO-30011,CHEN,2025-01,1,1,0
MRO-30011,DHAR,2022-01,10,10,13
MRO-30011,DHAR,2022-02,16,16,11
MRO-30011,DHAR,2022-03,29,29,12
MRO-30011,DHAR,2022-04,12,12,6
MRO-30011,DHAR,2022-05,22,22,4
MRO-30011,DHAR,2022-06,21,21,7
MRO-30011,DHAR,2022-07,14,14,14
MRO-30011,DHAR,2022-08,12,12,10
MRO-30011,DHAR,2022-09,24,24,10
MRO-30011,DHAR,2022-10,17,17,6
MRO-30011,DHAR,2022-11,14,14,12
MRO-30011,DHAR,2022-12,20,20,11
MRO-30011,DHAR,2023-01,11,11,6
MRO-30011,DHAR,2023-02,11,11,13
MRO-30011,DHAR,2023-03,22,22,12
MRO-30011,DHAR,2023-04,20,20,12
MRO-30011,DHAR,2023-05,20,20,9
MRO-30011,DHAR,2023-06,21,21,7
MRO-30011,DHAR,2023-07,20,20,12
MRO-30011,DHAR,2023-08,16,16,12
MRO-30011,DHAR,2023-09,25,25,9
MRO-30011,DHAR,2023-10,11,11,12
MRO-30011,DHAR,2023-11,17,17,16
MRO-30011,DHAR,2023-12,16,16,11
MRO-30011,DHAR,2024-01,19,19,9
MRO-30011,DHAR,2024-02,15,15,9
MRO-30011,DHAR,2024-03,22,22,4
MRO-30011,DHAR,2024-04,13,13,6
MRO-30011,DHAR,2024-05,11,11,7
MRO-30011,DHAR,2024-06,12,12,16
MRO-30011,DHAR,2024-07,19,19,16
MRO-30011,DHAR,2024-08,20,20,11
MRO-30011,DHAR,2024-09,17,17,13
MRO-30011,DHAR,2024-10,20,20,13
MRO-30011,DHAR,2024-11,17,17,11
MRO-30011,DHAR,2024-12,17,17,11
MRO-30011,DHAR,2025-01,0,0,1
MRO-30011,PUNE,2022-01,13,13,7
MRO-30011,PUNE,2022-02,22,22,11
MRO-30011,PUNE,2022-03,23,23,15
MRO-30011,PUNE,2022-04,21,21,8
MRO-30011,PUNE,2022-05,23,23,9
MRO-30011,PUNE,2022-06,31,31,15
MRO-30011,PUNE,2022-07,22,22,6
MRO-30011,PUNE,2022-08,14,14,19
MRO-30011,PUNE,2022-09,30,30,10
MRO-30011,PUNE,2022-10,16,16,10
MRO-30011,PUNE,2022-11,22,22,9
MRO-30011,PUNE,2022-12,26,26,14
MRO-30011,PUNE,2023-01,18,18,12
MRO-30011,PUNE,2023-02,24,24,10
MRO-30011,PUNE,2023-03,29,29,15
MRO-30011,PUNE,2023-04,23,23,19
MRO-30011,PUNE,2023-05,24,24,11
MRO-30011,PUNE,2023-06,39,39,10
MRO-30011,PUNE,2023-07,17,17,15
MRO-30011,PUNE,2023-08,14,14,16
MRO-30011,PUNE,2023-09,27,27,11
MRO-30011,PUNE,2023-10,25,25,9
MRO-30011,PUNE,2023-11,18,18,8
MRO-30011,PUNE,2023-12,32,32,17
MRO-30011,PUNE,2024-01,21,21,15
MRO-30011,PUNE,2024-02,22,22,16
MRO-30011,PUNE,2024-03,25,25,10
MRO-30011,PUNE,2024-04,30,30,10
MRO-30011,PUNE,2024-05,24,24,13
MRO-30011,PUNE,2024-06,32,32,13
MRO-30011,PUNE,2024-07,21,21,13
MRO-30011,PUNE,2024-08,22,22,14
MRO-30011,PUNE,2024-09,23,23,7
MRO-30011,PUNE,2024-10,21,21,11
MRO-30011,PUNE,2024-11,13,13,10
MRO-30011,PUNE,2024-12,24,24,10
MRO-30011,PUNE,2025-01,0,0,2
MRO-30012,CHEN,2022-01,8,8,5
MRO-30012,CHEN,2022-02,7,7,6
MRO-30012,CHEN,2022-03,15,15,5
MRO-30012,CHEN,2022-04,18,18,4
MRO-30012,CHEN,2022-05,10,10,3
MRO-30012,CHEN,2022-06,23,23,6
MRO-30012,CHEN,2022-07,9,9,10
MRO-30012,CHEN,2022-08,15,15,8
MRO-30012,CHEN,2022-09,20,20,5
MRO-30012,CHEN,2022-10,15,15,9
MRO-30012,CHEN,2022-11,15,15,8
MRO-30012,CHEN,2022-12,19,19,8
MRO-30012,CHEN,2023-01,14,14,14
MRO-30012,CHEN,2023-02,13,13,2
MRO-30012,CHEN,2023-03,20,20,3
MRO-30012,CHEN,2023-04,6,6,7
MRO-30012,CHEN,2023-05,18,18,11
MRO-30012,CHEN,2023-06,17,17,12
MRO-30012,CHEN,2023-07,11,11,5
MRO-30012,CHEN,2023-08,8,8,11
MRO-30012,CHEN,2023-09,19,19,8
MRO-30012,CHEN,2023-10,9,9,11
MRO-30012,CHEN,2023-11,8,8,10
MRO-30012,CHEN,2023-12,14,14,11
MRO-30012,CHEN,2024-01,12,12,10
MRO-30012,CHEN,2024-02,12,12,7
MRO-30012,CHEN,2024-03,18,18,9
MRO-30012,CHEN,2024-04,22,22,8
MRO-30012,CHEN,2024-05,14,14,7
MRO-30012,CHEN,2024-06,8,8,6
MRO-30012,CHEN,2024-07,14,14,13
MRO-30012,CHEN,2024-08,16,16,6
MRO-30012,CHEN,2024-09,24,24,8
MRO-30012,CHEN,2024-10,12,12,7
MRO-30012,CHEN,2024-11,10,10,8
MRO-30012,CHEN,2024-12,20,20,5
MRO-30012,CHEN,2025-01,0,0,1
MRO-30012,DHAR,2022-01,10,10,7
MRO-30012,DHAR,2022-02,12,12,17
MRO-30012,DHAR,2022-03,19,19,12
MRO-30012,DHAR,2022-04,14,14,8
MRO-30012,DHAR,2022-05,10,10,8
MRO-30012,DHAR,2022-06,18,18,11
MRO-30012,DHAR,2022-07,10,10,11
MRO-30012,DHAR,2022-08,16,16,10
MRO-30012,DHAR,2022-09,13,13,7
MRO-30012,DHAR,2022-10,12,12,7
MRO-30012,DHAR,2022-11,15,15,9
MRO-30012,DHAR,2022-12,13,13,8
MRO-30012,DHAR,2023-01,16,16,14
MRO-30012,DHAR,2023-02,11,11,9
MRO-30012,DHAR,2023-03,18,18,7
MRO-30012,DHAR,2023-04,13,13,7
MRO-30012,DHAR,2023-05,11,11,14
MRO-30012,DHAR,2023-06,18,18,8
MRO-30012,DHAR,2023-07,10,10,9
MRO-30012,DHAR,2023-08,12,12,10
MRO-30012,DHAR,2023-09,15,15,6
MRO-30012,DHAR,2023-10,17,17,7
MRO-30012,DHAR,2023-11,13,13,12
MRO-30012,DHAR,2023-12,12,12,9
MRO-30012,DHAR,2024-01,17,17,8
MRO-30012,DHAR,2024-02,13,13,14
MRO-30012,DHAR,2024-03,22,22,11
MRO-30012,DHAR,2024-04,10,10,12
MRO-30012,DHAR,2024-05,18,18,12
MRO-30012,DHAR,2024-06,15,15,8
MRO-30012,DHAR,2024-07,13,13,10
MRO-30012,DHAR,2024-08,10,10,14
MRO-30012,DHAR,2024-09,14,14,9
MRO-30012,DHAR,2024-10,17,17,11
MRO-30012,DHAR,2024-11,13,13,13
MRO-30012,DHAR,2024-12,14,14,16
MRO-30012,DHAR,2025-01,2,2,1
MRO-30012,PUNE,2022-01,14,14,10
MRO-30012,PUNE,2022-02,15,15,12
MRO-30012,PUNE,2022-03,24,24,13
MRO-30012,PUNE,2022-04,12,12,9
MRO-30012,PUNE,2022-05,18,18,12
MRO-30012,PUNE,2022-06,20,20,17
MRO-30012,PUNE,2022-07,13,13,13
MRO-30012,PUNE,2022-08,16,16,8
MRO-30012,PUNE,2022-09,21,21,14
MRO-30012,PUNE,2022-10,19,19,7
MRO-30012,PUNE,2022-11,17,17,15
MRO-30012,PUNE,2022-12,29,29,14
MRO-30012,PUNE,2023-01,13,13,10
MRO-30012,PUNE,2023-02,12,12,7
MRO-30012,PUNE,2023-03,25,25,11
MRO-30012,PUNE,2023-04,19,19,8
MRO-30012,PUNE,2023-05,17,17,11
MRO-30012,PUNE,2023-06,26,26,2
MRO-30012,PUNE,2023-07,18,18,8
MRO-30012,PUNE,2023-08,14,14,11
MRO-30012,PUNE,2023-09,20,20,5
MRO-30012,PUNE,2023-10,16,16,9
MRO-30012,PUNE,2023-11,14,14,13
MRO-30012,PUNE,2023-12,14,14,9
MRO-30012,PUNE,2024-01,16,16,22
MRO-30012,PUNE,2024-02,11,11,12
MRO-30012,PUNE,2024-03,19,19,10
MRO-30012,PUNE,2024-04,15,15,14
MRO-30012,PUNE,2024-05,16,16,12
MRO-30012,PUNE,2024-06,23,23,13
MRO-30012,PUNE,2024-07,19,19,17
MRO-30012,PUNE,2024-08,18,18,15
MRO-30012,PUNE,2024-09,23,23,12
MRO-30012,PUNE,2024-10,16,16,9
MRO-30012,PUNE,2024-11,16,16,13
MRO-30012,PUNE,2024-12,20,20,15
MRO-30012,PUNE,2025-01,0,0,0
MRO-40021,CHEN,2022-01,9,9,10
MRO-40021,CHEN,2022-02,13,13,8
MRO-40021,CHEN,2022-03,8,8,16
MRO-40021,CHEN,2022-04,6,6,7
MRO-40021,CHEN,2022-05,10,10,3
MRO-40021,CHEN,2022-06,14,14,11
MRO-40021,CHEN,2022-07,7,7,10
MRO-40021,CHEN,2022-08,15,15,9
MRO-40021,CHEN,2022-09,15,15,12
MRO-40021,CHEN,2022-10,10,10,7
MRO-40021,CHEN,2022-11,5,5,6
MRO-40021,CHEN,2022-12,10,10,8
MRO-40021,CHEN,2023-01,12,12,7
MRO-40021,CHEN,2023-02,5,5,9
MRO-40021,CHEN,2023-03,10,10,11
MRO-40021,CHEN,2023-04,4,4,4
MRO-40021,CHEN,2023-05,7,7,6
MRO-40021,CHEN,2023-06,14,14,4
MRO-40021,CHEN,2023-07,4,4,7
MRO-40021,CHEN,2023-08,6,6,6
MRO-40021,CHEN,2023-09,10,10,13
MRO-40021,CHEN,2023-10,7,7,10
MRO-40021,CHEN,2023-11,6,6,10
MRO-40021,CHEN,2023-12,7,7,8
MRO-40021,CHEN,2024-01,10,10,11
MRO-40021,CHEN,2024-02,3,3,8
MRO-40021,CHEN,2024-03,14,14,6
MRO-40021,CHEN,2024-04,9,9,4
MRO-40021,CHEN,2024-05,6,6,4
MRO-40021,CHEN,2024-06,13,13,8
MRO-40021,CHEN,2024-07,10,10,8
MRO-40021,CHEN,2024-08,9,9,11
MRO-40021,CHEN,2024-09,13,13,9
MRO-40021,CHEN,2024-10,5,5,9
MRO-40021,CHEN,2024-11,7,7,9
MRO-40021,CHEN,2024-12,13,13,8
MRO-40021,CHEN,2025-01,0,0,0
MRO-40021,DHAR,2022-01,14,14,7
MRO-40021,DHAR,2022-02,12,12,3
MRO-40021,DHAR,2022-03,5,5,10
MRO-40021,DHAR,2022-04,9,9,10
MRO-40021,DHAR,2022-05,13,13,10
MRO-40021,DHAR,2022-06,20,20,6
MRO-40021,DHAR,2022-07,5,5,11
MRO-40021,DHAR,2022-08,15,15,12
MRO-40021,DHAR,2022-09,10,10,7
MRO-40021,DHAR,2022-10,5,5,5
MRO-40021,DHAR,2022-11,10,10,15
MRO-40021,DHAR,2022-12,13,13,15
MRO-40021,DHAR,2023-01,10,10,4
MRO-40021,DHAR,2023-02,1,1,11
MRO-40021,DHAR,2023-03,11,11,4
MRO-40021,DHAR,2023-04,9,9,10
MRO-40021,DHAR,2023-05,9,9,13
MRO-40021,DHAR,2023-06,13,13,14
MRO-40021,DHAR,2023-07,12,12,7
MRO-40021,DHAR,2023-08,12,12,14
MRO-40021,DHAR,2023-09,7,7,7
MRO-40021,DHAR,2023-10,10,10,13
MRO-40021,DHAR,2023-11,6,6,9
MRO-40021,DHAR,2023-12,5,5,14
MRO-40021,DHAR,2024-01,7,7,10
MRO-40021,DHAR,2024-02,3,3,6
MRO-40021,DHAR,2024-03,7,7,10
MRO-40021,DHAR,2024-04,7,7,12
MRO-40021,DHAR,2024-05,7,7,7
MRO-40021,DHAR,2024-06,9,9,10
MRO-40021,DHAR,2024-07,9,9,13
MRO-40021,DHAR,2024-08,8,8,8
MRO-40021,DHAR,2024-09,8,8,16
MRO-40021,DHAR,2024-10,12,12,8
MRO-40021,DHAR,2024-11,10,10,13
MRO-40021,DHAR,2024-12,13,13,11
MRO-40021,DHAR,2025-01,1,1,0
MRO-40021,PUNE,2022-01,9,9,13
MRO-40021,PUNE,2022-02,10,10,13
MRO-40021,PUNE,2022-03,18,18,8
MRO-40021,PUNE,2022-04,10,10,13
MRO-40021,PUNE,2022-05,10,10,6
MRO-40021,PUNE,2022-06,12,12,14
MRO-40021,PUNE,2022-07,13,13,11
MRO-40021,PUNE,2022-08,12,12,7
MRO-40021,PUNE,2022-09,23,23,9
MRO-40021,PUNE,2022-10,10,10,13
MRO-40021,PUNE,2022-11,7,7,9
MRO-40021,PUNE,2022-12,16,16,16
MRO-40021,PUNE,2023-01,13,13,8
MRO-40021,PUNE,2023-02,13,13,12
MRO-40021,PUNE,2023-03,19,19,14
MRO-40021,PUNE,2023-04,8,8,7
MRO-40021,PUNE,2023-05,7,7,16
MRO-40021,PUNE,2023-06,12,12,11
MRO-40021,PUNE,2023-07,11,11,12
MRO-40021,PUNE,2023-08,20,20,13
MRO-40021,PUNE,2023-09,12,12,9
MRO-40021,PUNE,2023-10,8,8,11
MRO-40021,PUNE,2023-11,15,15,16
MRO-40021,PUNE,2023-12,10,10,12
MRO-40021,PUNE,2024-01,9,9,10
MRO-40021,PUNE,2024-02,13,13,9
MRO-40021,PUNE,2024-03,18,18,9
MRO-40021,PUNE,2024-04,11,11,14
MRO-40021,PUNE,2024-05,10,10,13
MRO-40021,PUNE,2024-06,13,13,7
MRO-40021,PUNE,2024-07,14,14,8
MRO-40021,PUNE,2024-08,11,11,8
MRO-40021,PUNE,2024-09,12,12,6
MRO-40021,PUNE,2024-10,13,13,6
MRO-40021,PUNE,2024-11,12,12,7
MRO-40021,PUNE,2024-12,26,26,12
MRO-40021,PUNE,2025-01,1,1,1
MRO-40022,CHEN,2022-01,9,9,4
MRO-40022,CHEN,2022-02,14,14,11
MRO-40022,CHEN,2022-03,17,17,10
MRO-40022,CHEN,2022-04,9,9,4
MRO-40022,CHEN,2022-05,14,14,8
MRO-40022,CHEN,2022-06,28,28,6
MRO-40022,CHEN,2022-07,15,15,5
MRO-40022,CHEN,2022-08,13,13,10
MRO-40022,CHEN,2022-09,20,20,9
MRO-40022,CHEN,2022-10,18,18,12
MRO-40022,CHEN,2022-11,13,13,11
MRO-40022,CHEN,2022-12,16,16,6
MRO-40022,CHEN,2023-01,15,15,10
MRO-40022,CHEN,2023-02,12,12,7
MRO-40022,CHEN,2023-03,17,17,8
MRO-40022,CHEN,2023-04,7,7,9
MRO-40022,CHEN,2023-05,18,18,4
MRO-40022,CHEN,2023-06,19,19,10
MRO-40022,CHEN,2023-07,12,12,12
MRO-40022,CHEN,2023-08,17,17,11
MRO-40022,CHEN,2023-09,14,14,10
MRO-40022,CHEN,2023-10,15,15,7
MRO-40022,CHEN,2023-11,17,17,9
MRO-40022,CHEN,2023-12,21,21,15
MRO-40022,CHEN,2024-01,17,17,8
MRO-40022,CHEN,2024-02,9,9,7
MRO-40022,CHEN,2024-03,13,13,7
MRO-40022,CHEN,2024-04,14,14,11
MRO-40022,CHEN,2024-05,3,3,7
MRO-40022,CHEN,2024-06,17,17,7
MRO-40022,CHEN,2024-07,18,18,15
MRO-40022,CHEN,2024-08,11,11,7
MRO-40022,CHEN,2024-09,24,24,7
MRO-40022,CHEN,2024-10,15,15,11
MRO-40022,CHEN,2024-11,18,18,10
MRO-40022,CHEN,2024-12,22,22,4
MRO-40022,CHEN,2025-01,0,0,0
MRO-40022,DHAR,2022-01,14,14,7
MRO-40022,DHAR,2022-02,21,21,11
MRO-40022,DHAR,2022-03,22,22,13
MRO-40022,DHAR,2022-04,12,12,12
MRO-40022,DHAR,2022-05,11,11,13
MRO-40022,DHAR,2022-06,20,20,9
MRO-40022,DHAR,2022-07,13,13,5
MRO-40022,DHAR,2022-08,15,15,10
MRO-40022,DHAR,2022-09,17,17,11
MRO-40022,DHAR,2022-10,20,20,13
MRO-40022,DHAR,2022-11,18,18,12
MRO-40022,DHAR,2022-12,25,25,11
MRO-40022,DHAR,2023-01,10,10,11
MRO-40022,DHAR,2023-02,14,14,15
MRO-40022,DHAR,2023-03,17,17,4
MRO-40022,DHAR,2023-04,13,13,6
MRO-40022,DHAR,2023-05,13,13,6
MRO-40022,DHAR,2023-06,19,19,14
MRO-40022,DHAR,2023-07,14,14,9
MRO-40022,DHAR,2023-08,12,12,8
MRO-40022,DHAR,2023-09,26,26,8
MRO-40022,DHAR,2023-10,18,18,10
MRO-40022,DHAR,2023-11,17,17,12
MRO-40022,DHAR,2023-12,17,17,6
MRO-40022,DHAR,2024-01,11,11,10
MRO-40022,DHAR,2024-02,13,13,9
MRO-40022,DHAR,2024-03,19,19,12
MRO-40022,DHAR,2024-04,13,13,11
MRO-40022,DHAR,2024-05,16,16,12
MRO-40022,DHAR,2024-06,19,19,10
MRO-40022,DHAR,2024-07,15,15,11
MRO-40022,DHAR,2024-08,11,11,6
MRO-40022,DHAR,2024-09,25,25,8
MRO-40022,DHAR,2024-10,22,22,11
MRO-40022,DHAR,2024-11,20,20,7
MRO-40022,DHAR,2024-12,21,21,13
MRO-40022,DHAR,2025-01,0,0,0
MRO-40022,PUNE,2022-01,11,11,10
MRO-40022,PUNE,2022-02,14,14,15
MRO-40022,PUNE,2022-03,23,23,13
MRO-40022,PUNE,2022-04,19,19,10
MRO-40022,PUNE,2022-05,19,19,8
MRO-40022,PUNE,2022-06,21,21,14
MRO-40022,PUNE,2022-07,7,7,8
MRO-40022,PUNE,2022-08,14,14,21
MRO-40022,PUNE,2022-09,25,25,14
MRO-40022,PUNE,2022-10,21,21,10
MRO-40022,PUNE,2022-11,22,22,7
MRO-40022,PUNE,2022-12,27,27,20
MRO-40022,PUNE,2023-01,22,22,12
MRO-40022,PUNE,2023-02,21,21,10
MRO-40022,PUNE,2023-03,27,27,17
MRO-40022,PUNE,2023-04,18,18,8
MRO-40022,PUNE,2023-05,21,21,15
MRO-40022,PUNE,2023-06,27,27,17
MRO-40022,PUNE,2023-07,12,12,12
MRO-40022,PUNE,2023-08,19,19,11
MRO-40022,PUNE,2023-09,31,31,11
MRO-40022,PUNE,2023-10,25,25,13
MRO-40022,PUNE,2023-11,18,18,14
MRO-40022,PUNE,2023-12,19,19,13
MRO-40022,PUNE,2024-01,18,18,17
MRO-40022,PUNE,2024-02,14,14,15
MRO-40022,PUNE,2024-03,15,15,11
MRO-40022,PUNE,2024-04,21,21,14
MRO-40022,PUNE,2024-05,16,16,8
MRO-40022,PUNE,2024-06,22,22,5
MRO-40022,PUNE,2024-07,19,19,10
MRO-40022,PUNE,2024-08,14,14,10
MRO-40022,PUNE,2024-09,28,28,15
MRO-40022,PUNE,2024-10,25,25,13
MRO-40022,PUNE,2024-11,12,12,9
MRO-40022,PUNE,2024-12,31,31,6
MRO-40022,PUNE,2025-01,1,1,0
MRO-50008,CHEN,2022-01,3,3,6
MRO-50008,CHEN,2022-02,1,1,11
MRO-50008,CHEN,2022-03,1,1,7
MRO-50008,CHEN,2022-04,0,0,6
MRO-50008,CHEN,2022-05,1,1,5
MRO-50008,CHEN,2022-06,2,2,7
MRO-50008,CHEN,2022-07,1,1,10
MRO-50008,CHEN,2022-08,3,3,10
MRO-50008,CHEN,2022-09,2,2,6
MRO-50008,CHEN,2022-10,1,1,14
MRO-50008,CHEN,2022-11,1,1,7
MRO-50008,CHEN,2022-12,1,1,10
MRO-50008,CHEN,2023-01,0,0,12
MRO-50008,CHEN,2023-02,0,0,7
MRO-50008,CHEN,2023-03,2,2,10
MRO-50008,CHEN,2023-04,2,2,7
MRO-50008,CHEN,2023-05,1,1,8
MRO-50008,CHEN,2023-06,0,0,10
MRO-50008,CHEN,2023-07,0,0,6
MRO-50008,CHEN,2023-08,2,2,13
MRO-50008,CHEN,2023-09,3,3,6
MRO-50008,CHEN,2023-10,1,1,9
MRO-50008,CHEN,2023-11,1,1,7
MRO-50008,CHEN,2023-12,5,5,12
MRO-50008,CHEN,2024-01,1,1,8
MRO-50008,CHEN,2024-02,2,2,8
MRO-50008,CHEN,2024-03,2,2,7
MRO-50008,CHEN,2024-04,2,2,9
MRO-50008,CHEN,2024-05,0,0,4
MRO-50008,CHEN,2024-06,0,0,11
MRO-50008,CHEN,2024-07,2,2,6
MRO-50008,CHEN,2024-08,1,1,10
MRO-50008,CHEN,2024-09,0,0,3
MRO-50008,CHEN,2024-10,1,1,11
MRO-50008,CHEN,2024-11,3,3,10
MRO-50008,CHEN,2024-12,0,0,14
MRO-50008,CHEN,2025-01,0,0,1
MRO-50008,DHAR,2022-01,0,0,9
MRO-50008,DHAR,2022-02,0,0,9
MRO-50008,DHAR,2022-03,3,3,14
MRO-50008,DHAR,2022-04,3,3,6
MRO-50008,DHAR,2022-05,1,1,11
MRO-50008,DHAR,2022-06,1,1,7
MRO-50008,DHAR,2022-07,0,0,10
MRO-50008,DHAR,2022-08,2,2,7
MRO-50008,DHAR,2022-09,0,0,7
MRO-50008,DHAR,2022-10,2,2,9
MRO-50008,DHAR,2022-11,0,0,14
MRO-50008,DHAR,2022-12,0,0,14
MRO-50008,DHAR,2023-01,2,2,16
MRO-50008,DHAR,2023-02,1,1,10
MRO-50008,DHAR,2023-03,1,1,7
MRO-50008,DHAR,2023-04,0,0,7
MRO-50008,DHAR,2023-05,0,0,10
MRO-50008,DHAR,2023-06,0,0,7
MRO-50008,DHAR,2023-07,2,2,6
MRO-50008,DHAR,2023-08,1,1,12
MRO-50008,DHAR,2023-09,1,1,14
MRO-50008,DHAR,2023-10,0,0,8
MRO-50008,DHAR,2023-11,0,0,9
MRO-50008,DHAR,2023-12,2,2,4
MRO-50008,DHAR,2024-01,1,1,11
MRO-50008,DHAR,2024-02,0,0,10
MRO-50008,DHAR,2024-03,2,2,4
MRO-50008,DHAR,2024-04,4,4,13
MRO-50008,DHAR,2024-05,1,1,18
MRO-50008,DHAR,2024-06,0,0,12
MRO-50008,DHAR,2024-07,0,0,5
MRO-50008,DHAR,2024-08,0,0,10
MRO-50008,DHAR,2024-09,1,1,7
MRO-50008,DHAR,2024-10,0,0,10
MRO-50008,DHAR,2024-11,1,1,6
MRO-50008,DHAR,2024-12,1,1,11
MRO-50008,DHAR,2025-01,0,0,0
MRO-50008,PUNE,2022-01,1,1,10
MRO-50008,PUNE,2022-02,0,0,7
MRO-50008,PUNE,2022-03,2,2,13
MRO-50008,PUNE,2022-04,0,0,5
MRO-50008,PUNE,2022-05,2,2,15
MRO-50008,PUNE,2022-06,1,1,9
MRO-50008,PUNE,2022-07,3,3,8
MRO-50008,PUNE,2022-08,2,2,11
MRO-50008,PUNE,2022-09,0,0,9
MRO-50008,PUNE,2022-10,2,2,13
MRO-50008,PUNE,2022-11,0,0,11
MRO-50008,PUNE,2022-12,3,3,11
MRO-50008,PUNE,2023-01,2,2,10
MRO-50008,PUNE,2023-02,1,1,13
MRO-50008,PUNE,2023-03,3,3,11
MRO-50008,PUNE,2023-04,1,1,9
MRO-50008,PUNE,2023-05,1,1,13
MRO-50008,PUNE,2023-06,2,2,8
MRO-50008,PUNE,2023-07,3,3,11
MRO-50008,PUNE,2023-08,1,1,14
MRO-50008,PUNE,2023-09,2,2,10
MRO-50008,PUNE,2023-10,0,0,16
MRO-50008,PUNE,2023-11,2,2,13
MRO-50008,PUNE,2023-12,1,1,11
MRO-50008,PUNE,2024-01,2,2,9
MRO-50008,PUNE,2024-02,1,1,12
MRO-50008,PUNE,2024-03,0,0,8
MRO-50008,PUNE,2024-04,3,3,9
MRO-50008,PUNE,2024-05,2,2,10
MRO-50008,PUNE,2024-06,2,2,6
MRO-50008,PUNE,2024-07,0,0,8
MRO-50008,PUNE,2024-08,2,2,11
MRO-50008,PUNE,2024-09,1,1,12
MRO-50008,PUNE,2024-10,1,1,9
MRO-50008,PUNE,2024-11,1,1,5
MRO-50008,PUNE,2024-12,1,1,10
MRO-50008,PUNE,2025-01,1,1,2
MRO-50009,CHEN,2022-01,1,1,10
MRO-50009,CHEN,2022-02,3,3,10
MRO-50009,CHEN,2022-03,1,1,11
MRO-50009,CHEN,2022-04,3,3,9
MRO-50009,CHEN,2022-05,1,1,10
MRO-50009,CHEN,2022-06,1,1,6
MRO-50009,CHEN,2022-07,1,1,12
MRO-50009,CHEN,2022-08,2,2,12
MRO-50009,CHEN,2022-09,5,5,14
MRO-50009,CHEN,2022-10,1,1,17
MRO-50009,CHEN,2022-11,0,0,15
MRO-50009,CHEN,2022-12,3,3,17
MRO-50009,CHEN,2023-01,1,1,17
MRO-50009,CHEN,2023-02,3,3,8
MRO-50009,CHEN,2023-03,5,5,10
MRO-50009,CHEN,2023-04,0,0,6
MRO-50009,CHEN,2023-05,3,3,10
MRO-50009,CHEN,2023-06,1,1,8
MRO-50009,CHEN,2023-07,0,0,9
MRO-50009,CHEN,2023-08,1,1,11
MRO-50009,CHEN,2023-09,1,1,11
MRO-50009,CHEN,2023-10,2,2,6
MRO-50009,CHEN,2023-11,1,1,16
MRO-50009,CHEN,2023-12,1,1,9
MRO-50009,CHEN,2024-01,2,2,11
MRO-50009,CHEN,2024-02,0,0,6
MRO-50009,CHEN,2024-03,3,3,9
MRO-50009,CHEN,2024-04,3,3,9
MRO-50009,CHEN,2024-05,5,5,11
MRO-50009,CHEN,2024-06,1,1,11
MRO-50009,CHEN,2024-07,1,1,14
MRO-50009,CHEN,2024-08,3,3,8
MRO-50009,CHEN,2024-09,0,0,5
MRO-50009,CHEN,2024-10,1,1,11
MRO-50009,CHEN,2024-11,3,3,11
MRO-50009,CHEN,2024-12,4,4,12
MRO-50009,CHEN,2025-01,0,0,2
MRO-50009,DHAR,2022-01,1,1,10
MRO-50009,DHAR,2022-02,1,1,16
MRO-50009,DHAR,2022-03,1,1,14
MRO-50009,DHAR,2022-04,1,1,14
MRO-50009,DHAR,2022-05,3,3,15
MRO-50009,DHAR,2022-06,1,1,7
MRO-50009,DHAR,2022-07,1,1,10
MRO-50009,DHAR,2022-08,1,1,13
MRO-50009,DHAR,2022-09,1,1,14
MRO-50009,DHAR,2022-10,1,1,16
MRO-50009,DHAR,2022-11,1,1,14
MRO-50009,DHAR,2022-12,0,0,13
MRO-50009,DHAR,2023-01,0,0,9
MRO-50009,DHAR,2023-02,4,4,5
MRO-50009,DHAR,2023-03,2,2,15
MRO-50009,DHAR,2023-04,1,1,12
MRO-50009,DHAR,2023-05,3,3,17
MRO-50009,DHAR,2023-06,3,3,13
MRO-50009,DHAR,2023-07,2,2,11
MRO-50009,DHAR,2023-08,5,5,9
MRO-50009,DHAR,2023-09,1,1,12
MRO-50009,DHAR,2023-10,0,0,11
MRO-50009,DHAR,2023-11,1,1,10
MRO-50009,DHAR,2023-12,6,6,17
MRO-50009,DHAR,2024-01,2,2,15
MRO-50009,DHAR,2024-02,1,1,14
MRO-50009,DHAR,2024-03,1,1,19
MRO-50009,DHAR,2024-04,5,5,15
MRO-50009,DHAR,2024-05,3,3,15
MRO-50009,DHAR,2024-06,3,3,19
MRO-50009,DHAR,2024-07,5,5,13
MRO-50009,DHAR,2024-08,3,3,17
MRO-50009,DHAR,2024-09,1,1,11
MRO-50009,DHAR,2024-10,2,2,5
MRO-50009,DHAR,2024-11,0,0,13
MRO-50009,DHAR,2024-12,2,2,15
MRO-50009,DHAR,2025-01,1,1,1
MRO-50009,PUNE,2022-01,0,0,13
MRO-50009,PUNE,2022-02,3,3,16
MRO-50009,PUNE,2022-03,2,2,10
MRO-50009,PUNE,2022-04,2,2,5
MRO-50009,PUNE,2022-05,3,3,13
MRO-50009,PUNE,2022-06,6,6,12
MRO-50009,PUNE,2022-07,1,1,19
MRO-50009,PUNE,2022-08,4,4,17
MRO-50009,PUNE,2022-09,3,3,23
MRO-50009,PUNE,2022-10,3,3,13
MRO-50009,PUNE,2022-11,0,0,7
MRO-50009,PUNE,2022-12,5,5,21
MRO-50009,PUNE,2023-01,1,1,13
MRO-50009,PUNE,2023-02,1,1,20
MRO-50009,PUNE,2023-03,2,2,17
MRO-50009,PUNE,2023-04,1,1,11
MRO-50009,PUNE,2023-05,4,4,6
MRO-50009,PUNE,2023-06,2,2,18
MRO-50009,PUNE,2023-07,2,2,14
MRO-50009,PUNE,2023-08,1,1,14
MRO-50009,PUNE,2023-09,1,1,13
MRO-50009,PUNE,2023-10,5,5,25
MRO-50009,PUNE,2023-11,0,0,17
MRO-50009,PUNE,2023-12,4,4,14
MRO-50009,PUNE,2024-01,2,2,14
MRO-50009,PUNE,2024-02,2,2,17
MRO-50009,PUNE,2024-03,2,2,11
MRO-50009,PUNE,2024-04,3,3,19
MRO-50009,PUNE,2024-05,2,2,21
MRO-50009,PUNE,2024-06,6,6,13
MRO-50009,PUNE,2024-07,3,3,19
MRO-50009,PUNE,2024-08,1,1,14
MRO-50009,PUNE,2024-09,5,5,13
MRO-50009,PUNE,2024-10,3,3,22
MRO-50009,PUNE,2024-11,1,1,11
MRO-50009,PUNE,2024-12,3,3,15
MRO-50009,PUNE,2025-01,0,0,0
MRO-60015,CHEN,2022-01,1,1,11
MRO-60015,CHEN,2022-02,1,1,9
MRO-60015,CHEN,2022-03,3,3,9
MRO-60015,CHEN,2022-04,2,2,10
MRO-60015,CHEN,2022-05,3,3,13
MRO-60015,CHEN,2022-06,2,2,15
MRO-60015,CHEN,2022-07,5,5,7
MRO-60015,CHEN,2022-08,5,5,9
MRO-60015,CHEN,2022-09,3,3,3
MRO-60015,CHEN,2022-10,2,2,1
MRO-60015,CHEN,2022-11,2,2,7
MRO-60015,CHEN,2022-12,3,3,8
MRO-60015,CHEN,2023-01,5,5,5
MRO-60015,CHEN,2023-02,4,4,7
MRO-60015,CHEN,2023-03,1,1,9
MRO-60015,CHEN,2023-04,1,1,6
MRO-60015,CHEN,2023-05,4,4,4
MRO-60015,CHEN,2023-06,0,0,2
MRO-60015,CHEN,2023-07,2,2,10
MRO-60015,CHEN,2023-08,4,4,11
MRO-60015,CHEN,2023-09,3,3,5
MRO-60015,CHEN,2023-10,2,2,11
MRO-60015,CHEN,2023-11,3,3,6
MRO-60015,CHEN,2023-12,5,5,8
MRO-60015,CHEN,2024-01,5,5,9
MRO-60015,CHEN,2024-02,3,3,7
MRO-60015,CHEN,2024-03,6,6,5
MRO-60015,CHEN,2024-04,2,2,6
MRO-60015,CHEN,2024-05,4,4,7
MRO-60015,CHEN,2024-06,2,2,11
MRO-60015,CHEN,2024-07,4,4,12
MRO-60015,CHEN,2024-08,3,3,3
MRO-60015,CHEN,2024-09,5,5,10
MRO-60015,CHEN,2024-10,1,1,11
MRO-60015,CHEN,2024-11,0,0,3
MRO-60015,CHEN,2024-12,5,5,10
MRO-60015,CHEN,2025-01,0,0,1
MRO-60015,DHAR,2022-01,1,1,9
MRO-60015,DHAR,2022-02,0,0,10
MRO-60015,DHAR,2022-03,2,2,11
MRO-60015,DHAR,2022-04,1,1,5
MRO-60015,DHAR,2022-05,1,1,13
MRO-60015,DHAR,2022-06,3,3,11
MRO-60015,DHAR,2022-07,4,4,11
MRO-60015,DHAR,2022-08,4,4,11
MRO-60015,DHAR,2022-09,1,1,13
MRO-60015,DHAR,2022-10,1,1,7
MRO-60015,DHAR,2022-11,2,2,11
MRO-60015,DHAR,2022-12,9,9,6
MRO-60015,DHAR,2023-01,5,5,13
MRO-60015,DHAR,2023-02,0,0,4
MRO-60015,DHAR,2023-03,4,4,7
MRO-60015,DHAR,2023-04,1,1,7
MRO-60015,DHAR,2023-05,1,1,6
MRO-60015,DHAR,2023-06,7,7,14
MRO-60015,DHAR,2023-07,5,5,9
MRO-60015,DHAR,2023-08,2,2,10
MRO-60015,DHAR,2023-09,7,7,6
MRO-60015,DHAR,2023-10,0,0,10
MRO-60015,DHAR,2023-11,2,2,4
MRO-60015,DHAR,2023-12,3,3,11
MRO-60015,DHAR,2024-01,2,2,11
MRO-60015,DHAR,2024-02,1,1,9
MRO-60015,DHAR,2024-03,1,1,7
MRO-60015,DHAR,2024-04,0,0,9
MRO-60015,DHAR,2024-05,4,4,9
MRO-60015,DHAR,2024-06,4,4,6
MRO-60015,DHAR,2024-07,2,2,7
MRO-60015,DHAR,2024-08,1,1,12
MRO-60015,DHAR,2024-09,1,1,7
MRO-60015,DHAR,2024-10,2,2,16
MRO-60015,DHAR,2024-11,3,3,11
MRO-60015,DHAR,2024-12,4,4,6
MRO-60015,DHAR,2025-01,0,0,1
MRO-60015,PUNE,2022-01,8,8,4
MRO-60015,PUNE,2022-02,4,4,15
MRO-60015,PUNE,2022-03,5,5,12
MRO-60015,PUNE,2022-04,2,2,5
MRO-60015,PUNE,2022-05,4,4,15
MRO-60015,PUNE,2022-06,8,8,13
MRO-60015,PUNE,2022-07,2,2,18
MRO-60015,PUNE,2022-08,4,4,10
MRO-60015,PUNE,2022-09,8,8,8
MRO-60015,PUNE,2022-10,7,7,12
MRO-60015,PUNE,2022-11,4,4,13
MRO-60015,PUNE,2022-12,8,8,9
MRO-60015,PUNE,2023-01,5,5,16
MRO-60015,PUNE,2023-02,4,4,9
MRO-60015,PUNE,2023-03,5,5,15
MRO-60015,PUNE,2023-04,6,6,12
MRO-60015,PUNE,2023-05,3,3,9
MRO-60015,PUNE,2023-06,3,3,6
MRO-60015,PUNE,2023-07,2,2,15
MRO-60015,PUNE,2023-08,3,3,14
MRO-60015,PUNE,2023-09,7,7,11
MRO-60015,PUNE,2023-10,1,1,14
MRO-60015,PUNE,2023-11,3,3,8
MRO-60015,PUNE,2023-12,4,4,8
MRO-60015,PUNE,2024-01,3,3,11
MRO-60015,PUNE,2024-02,5,5,11
MRO-60015,PUNE,2024-03,7,7,9
MRO-60015,PUNE,2024-04,0,0,11
MRO-60015,PUNE,2024-05,4,4,13
MRO-60015,PUNE,2024-06,5,5,12
MRO-60015,PUNE,2024-07,3,3,15
MRO-60015,PUNE,2024-08,6,6,7
MRO-60015,PUNE,2024-09,2,2,5
MRO-60015,PUNE,2024-10,3,3,10
MRO-60015,PUNE,2024-11,3,3,6
MRO-60015,PUNE,2024-12,4,4,10
MRO-60015,PUNE,2025-01,0,0,1
MRO-60016,CHEN,2022-01,1,1,4
MRO-60016,CHEN,2022-02,1,1,8
MRO-60016,CHEN,2022-03,1,1,7
MRO-60016,CHEN,2022-04,0,0,3
MRO-60016,CHEN,2022-05,4,4,9
MRO-60016,CHEN,2022-06,1,1,3
MRO-60016,CHEN,2022-07,0,0,5
MRO-60016,CHEN,2022-08,0,0,7
MRO-60016,CHEN,2022-09,0,0,3
MRO-60016,CHEN,2022-10,2,2,6
MRO-60016,CHEN,2022-11,2,2,8
MRO-60016,CHEN,2022-12,0,0,12
MRO-60016,CHEN,2023-01,0,0,10
MRO-60016,CHEN,2023-02,3,3,4
MRO-60016,CHEN,2023-03,6,6,9
MRO-60016,CHEN,2023-04,0,0,8
MRO-60016,CHEN,2023-05,2,2,10
MRO-60016,CHEN,2023-06,2,2,9
MRO-60016,CHEN,2023-07,0,0,6
MRO-60016,CHEN,2023-08,1,1,7
MRO-60016,CHEN,2023-09,2,2,7
MRO-60016,CHEN,2023-10,2,2,10
MRO-60016,CHEN,2023-11,2,2,4
MRO-60016,CHEN,2023-12,1,1,9
MRO-60016,CHEN,2024-01,2,2,7
MRO-60016,CHEN,2024-02,1,1,9
MRO-60016,CHEN,2024-03,1,1,9
MRO-60016,CHEN,2024-04,0,0,9
MRO-60016,CHEN,2024-05,1,1,7
MRO-60016,CHEN,2024-06,1,1,10
MRO-60016,CHEN,2024-07,2,2,13
MRO-60016,CHEN,2024-08,2,2,7
MRO-60016,CHEN,2024-09,1,1,4
MRO-60016,CHEN,2024-10,0,0,5
MRO-60016,CHEN,2024-11,1,1,7
MRO-60016,CHEN,2024-12,2,2,6
MRO-60016,CHEN,2025-01,0,0,0
MRO-60016,DHAR,2022-01,0,0,7
MRO-60016,DHAR,2022-02,2,2,14
MRO-60016,DHAR,2022-03,0,0,11
MRO-60016,DHAR,2022-04,1,1,6
MRO-60016,DHAR,2022-05,2,2,12
MRO-60016,DHAR,2022-06,5,5,9
MRO-60016,DHAR,2022-07,1,1,12
MRO-60016,DHAR,2022-08,1,1,10
MRO-60016,DHAR,2022-09,2,2,8
MRO-60016,DHAR,2022-10,3,3,11
MRO-60016,DHAR,2022-11,1,1,18
MRO-60016,DHAR,2022-12,1,1,9
MRO-60016,DHAR,2023-01,0,0,10
MRO-60016,DHAR,2023-02,3,3,12
MRO-60016,DHAR,2023-03,4,4,6
MRO-60016,DHAR,2023-04,0,0,11
MRO-60016,DHAR,2023-05,1,1,7
MRO-60016,DHAR,2023-06,1,1,8
MRO-60016,DHAR,2023-07,2,2,7
MRO-60016,DHAR,2023-08,1,1,10
MRO-60016,DHAR,2023-09,0,0,9
MRO-60016,DHAR,2023-10,0,0,11
MRO-60016,DHAR,2023-11,0,0,7
MRO-60016,DHAR,2023-12,1,1,6
MRO-60016,DHAR,2024-01,1,1,8
MRO-60016,DHAR,2024-02,2,2,10
MRO-60016,DHAR,2024-03,1,1,9
MRO-60016,DHAR,2024-04,0,0,6
MRO-60016,DHAR,2024-05,0,0,12
MRO-60016,DHAR,2024-06,1,1,7
MRO-60016,DHAR,2024-07,3,3,9
MRO-60016,DHAR,2024-08,3,3,9
MRO-60016,DHAR,2024-09,0,0,9
MRO-60016,DHAR,2024-10,1,1,9
MRO-60016,DHAR,2024-11,2,2,11
MRO-60016,DHAR,2024-12,5,5,12
MRO-60016,DHAR,2025-01,0,0,0
MRO-60016,PUNE,2022-01,4,4,8
MRO-60016,PUNE,2022-02,3,3,11
MRO-60016,PUNE,2022-03,0,0,16
MRO-60016,PUNE,2022-04,2,2,3
MRO-60016,PUNE,2022-05,1,1,10
MRO-60016,PUNE,2022-06,4,4,8
MRO-60016,PUNE,2022-07,5,5,8
MRO-60016,PUNE,2022-08,2,2,15
MRO-60016,PUNE,2022-09,1,1,11
MRO-60016,PUNE,2022-10,3,3,10
MRO-60016,PUNE,2022-11,0,0,13
MRO-60016,PUNE,2022-12,3,3,9
MRO-60016,PUNE,2023-01,2,2,11
MRO-60016,PUNE,2023-02,1,1,11
MRO-60016,PUNE,2023-03,2,2,14
MRO-60016,PUNE,2023-04,0,0,12
MRO-60016,PUNE,2023-05,1,1,6
MRO-60016,PUNE,2023-06,0,0,10
MRO-60016,PUNE,2023-07,1,1,10
MRO-60016,PUNE,2023-08,0,0,8
MRO-60016,PUNE,2023-09,3,3,11
MRO-60016,PUNE,2023-10,0,0,11
MRO-60016,PUNE,2023-11,0,0,12
MRO-60016,PUNE,2023-12,2,2,6
MRO-60016,PUNE,2024-01,0,0,15
MRO-60016,PUNE,2024-02,2,2,11
MRO-60016,PUNE,2024-03,4,4,13
MRO-60016,PUNE,2024-04,1,1,10
MRO-60016,PUNE,2024-05,4,4,8
MRO-60016,PUNE,2024-06,3,3,9
MRO-60016,PUNE,2024-07,0,0,14
MRO-60016,PUNE,2024-08,1,1,7
MRO-60016,PUNE,2024-09,1,1,6
MRO-60016,PUNE,2024-10,3,3,12
MRO-60016,PUNE,2024-11,0,0,15
MRO-60016,PUNE,2024-12,4,4,16
MRO-60016,PUNE,2025-01,0,0,1
MRO-70004,CHEN,2022-01,5,5,4
MRO-70004,CHEN,2022-02,8,8,4
MRO-70004,CHEN,2022-03,11,11,4
MRO-70004,CHEN,2022-04,8,8,4
MRO-70004,CHEN,2022-05,11,11,9
MRO-70004,CHEN,2022-06,11,11,5
MRO-70004,CHEN,2022-07,7,7,4
MRO-70004,CHEN,2022-08,7,7,3
MRO-70004,CHEN,2022-09,11,11,9
MRO-70004,CHEN,2022-10,8,8,4
MRO-70004,CHEN,2022-11,10,10,4
MRO-70004,CHEN,2022-12,11,11,6
MRO-70004,CHEN,2023-01,8,8,6
MRO-70004,CHEN,2023-02,7,7,6
MRO-70004,CHEN,2023-03,10,10,5
MRO-70004,CHEN,2023-04,11,11,3
MRO-70004,CHEN,2023-05,4,4,7
MRO-70004,CHEN,2023-06,14,14,7
MRO-70004,CHEN,2023-07,6,6,5
MRO-70004,CHEN,2023-08,5,5,4
MRO-70004,CHEN,2023-09,12,12,3
MRO-70004,CHEN,2023-10,6,6,9
MRO-70004,CHEN,2023-11,17,17,4
MRO-70004,CHEN,2023-12,8,8,5
MRO-70004,CHEN,2024-01,8,8,6
MRO-70004,CHEN,2024-02,9,9,3
MRO-70004,CHEN,2024-03,7,7,7
MRO-70004,CHEN,2024-04,9,9,7
MRO-70004,CHEN,2024-05,16,16,4
MRO-70004,CHEN,2024-06,6,6,8
MRO-70004,CHEN,2024-07,8,8,0
MRO-70004,CHEN,2024-08,14,14,4
MRO-70004,CHEN,2024-09,17,17,8
MRO-70004,CHEN,2024-10,10,10,4
MRO-70004,CHEN,2024-11,10,10,3
MRO-70004,CHEN,2024-12,11,11,3
MRO-70004,CHEN,2025-01,0,0,1
MRO-70004,DHAR,2022-01,8,8,7
MRO-70004,DHAR,2022-02,5,5,6
MRO-70004,DHAR,2022-03,16,16,8
MRO-70004,DHAR,2022-04,11,11,5
MRO-70004,DHAR,2022-05,7,7,7
MRO-70004,DHAR,2022-06,11,11,6
MRO-70004,DHAR,2022-07,13,13,9
MRO-70004,DHAR,2022-08,12,12,10
MRO-70004,DHAR,2022-09,17,17,12
MRO-70004,DHAR,2022-10,12,12,5
MRO-70004,DHAR,2022-11,8,8,6
MRO-70004,DHAR,2022-12,9,9,1
MRO-70004,DHAR,2023-01,17,17,6
MRO-70004,DHAR,2023-02,11,11,6
MRO-70004,DHAR,2023-03,12,12,3
MRO-70004,DHAR,2023-04,3,3,8
MRO-70004,DHAR,2023-05,7,7,4
MRO-70004,DHAR,2023-06,10,10,8
MRO-70004,DHAR,2023-07,10,10,5
MRO-70004,DHAR,2023-08,10,10,6
MRO-70004,DHAR,2023-09,15,15,5
MRO-70004,DHAR,2023-10,12,12,6
MRO-70004,DHAR,2023-11,6,6,4
MRO-70004,DHAR,2023-12,16,16,9
MRO-70004,DHAR,2024-01,12,12,1
MRO-70004,DHAR,2024-02,8,8,8
MRO-70004,DHAR,2024-03,10,10,5
MRO-70004,DHAR,2024-04,12,12,3
MRO-70004,DHAR,2024-05,15,15,8
MRO-70004,DHAR,2024-06,8,8,7
MRO-70004,DHAR,2024-07,7,7,7
MRO-70004,DHAR,2024-08,12,12,7
MRO-70004,DHAR,2024-09,14,14,5
MRO-70004,DHAR,2024-10,11,11,4
MRO-70004,DHAR,2024-11,12,12,4
MRO-70004,DHAR,2024-12,8,8,3
MRO-70004,DHAR,2025-01,0,0,1
MRO-70004,PUNE,2022-01,4,4,10
MRO-70004,PUNE,2022-02,14,14,2
MRO-70004,PUNE,2022-03,14,14,2
MRO-70004,PUNE,2022-04,6,6,7
MRO-70004,PUNE,2022-05,11,11,13
MRO-70004,PUNE,2022-06,11,11,7
MRO-70004,PUNE,2022-07,12,12,6
MRO-70004,PUNE,2022-08,18,18,8
MRO-70004,PUNE,2022-09,17,17,11
MRO-70004,PUNE,2022-10,12,12,10
MRO-70004,PUNE,2022-11,14,14,8
MRO-70004,PUNE,2022-12,21,21,9
MRO-70004,PUNE,2023-01,10,10,5
MRO-70004,PUNE,2023-02,14,14,5
MRO-70004,PUNE,2023-03,22,22,7
MRO-70004,PUNE,2023-04,6,6,3
MRO-70004,PUNE,2023-05,9,9,5
MRO-70004,PUNE,2023-06,21,21,10
MRO-70004,PUNE,2023-07,12,12,10
MRO-70004,PUNE,2023-08,18,18,12
MRO-70004,PUNE,2023-09,15,15,2
MRO-70004,PUNE,2023-10,8,8,8
MRO-70004,PUNE,2023-11,8,8,11
MRO-70004,PUNE,2023-12,17,17,12
MRO-70004,PUNE,2024-01,14,14,2
MRO-70004,PUNE,2024-02,13,13,12
MRO-70004,PUNE,2024-03,12,12,8
MRO-70004,PUNE,2024-04,10,10,8
MRO-70004,PUNE,2024-05,12,12,6
MRO-70004,PUNE,2024-06,11,11,7
MRO-70004,PUNE,2024-07,14,14,8
MRO-70004,PUNE,2024-08,10,10,7
MRO-70004,PUNE,2024-09,12,12,9
MRO-70004,PUNE,2024-10,7,7,8
MRO-70004,PUNE,2024-11,10,10,10
MRO-70004,PUNE,2024-12,19,19,9
MRO-70004,PUNE,2025-01,1,1,0
MRO-70005,CHEN,2022-01,26,9,3
MRO-70005,CHEN,2022-02,35,11,9
MRO-70005,CHEN,2022-03,60,21,4
MRO-70005,CHEN,2022-04,33,14,3
MRO-70005,CHEN,2022-05,44,17,3
MRO-70005,CHEN,2022-06,31,14,8
MRO-70005,CHEN,2022-07,28,11,7
MRO-70005,CHEN,2022-08,63,21,6
MRO-70005,CHEN,2022-09,51,23,7
MRO-70005,CHEN,2022-10,26,10,8
MRO-70005,CHEN,2022-11,16,7,13
MRO-70005,CHEN,2022-12,65,19,12
MRO-70005,CHEN,2023-01,35,16,10
MRO-70005,CHEN,2023-02,35,16,6
MRO-70005,CHEN,2023-03,28,12,7
MRO-70005,CHEN,2023-04,20,9,5
MRO-70005,CHEN,2023-05,35,9,13
MRO-70005,CHEN,2023-06,51,17,7
MRO-70005,CHEN,2023-07,39,14,7
MRO-70005,CHEN,2023-08,29,10,9
MRO-70005,CHEN,2023-09,45,15,7
MRO-70005,CHEN,2023-10,49,17,4
MRO-70005,CHEN,2023-11,38,16,8
MRO-70005,CHEN,2023-12,38,20,9
MRO-70005,CHEN,2024-01,23,11,8
MRO-70005,CHEN,2024-02,29,9,6
MRO-70005,CHEN,2024-03,51,19,7
MRO-70005,CHEN,2024-04,26,8,3
MRO-70005,CHEN,2024-05,28,9,7
MRO-70005,CHEN,2024-06,49,14,6
MRO-70005,CHEN,2024-07,39,15,6
MRO-70005,CHEN,2024-08,37,13,12
MRO-70005,CHEN,2024-09,45,16,7
MRO-70005,CHEN,2024-10,44,16,9
MRO-70005,CHEN,2024-11,26,9,9
MRO-70005,CHEN,2024-12,52,18,5
MRO-70005,CHEN,2025-01,1,1,1
MRO-70005,DHAR,2022-01,35,13,5
MRO-70005,DHAR,2022-02,27,12,7
MRO-70005,DHAR,2022-03,25,16,6
MRO-70005,DHAR,2022-04,24,13,4
MRO-70005,DHAR,2022-05,24,11,3
MRO-70005,DHAR,2022-06,23,10,4
MRO-70005,DHAR,2022-07,34,12,13
MRO-70005,DHAR,2022-08,29,15,8
MRO-70005,DHAR,2022-09,44,17,6
MRO-70005,DHAR,2022-10,42,16,8
MRO-70005,DHAR,2022-11,43,14,12
MRO-70005,DHAR,2022-12,22,10,8
MRO-70005,DHAR,2023-01,30,12,10
MRO-70005,DHAR,2023-02,42,15,8
MRO-70005,DHAR,2023-03,45,17,5
MRO-70005,DHAR,2023-04,25,7,4
MRO-70005,DHAR,2023-05,34,13,5
MRO-70005,DHAR,2023-06,70,25,6
MRO-70005,DHAR,2023-07,38,13,11
MRO-70005,DHAR,2023-08,23,10,8
MRO-70005,DHAR,2023-09,26,9,8
MRO-70005,DHAR,2023-10,39,16,5
MRO-70005,DHAR,2023-11,31,13,7
MRO-70005,DHAR,2023-12,29,12,11
MRO-70005,DHAR,2024-01,59,20,10
MRO-70005,DHAR,2024-02,22,7,10
MRO-70005,DHAR,2024-03,54,18,5
MRO-70005,DHAR,2024-04,35,13,8
MRO-70005,DHAR,2024-05,32,16,14
MRO-70005,DHAR,2024-06,45,16,6
MRO-70005,DHAR,2024-07,40,12,14
MRO-70005,DHAR,2024-08,40,13,3
MRO-70005,DHAR,2024-09,51,18,7
MRO-70005,DHAR,2024-10,35,15,9
MRO-70005,DHAR,2024-11,34,13,8
MRO-70005,DHAR,2024-12,48,21,10
MRO-70005,DHAR,2025-01,0,0,0
MRO-70005,PUNE,2022-01,58,24,6
MRO-70005,PUNE,2022-02,50,18,14
MRO-70005,PUNE,2022-03,57,20,10
MRO-70005,PUNE,2022-04,54,18,10
MRO-70005,PUNE,2022-05,52,23,6
MRO-70005,PUNE,2022-06,50,18,6
MRO-70005,PUNE,2022-07,37,14,6
MRO-70005,PUNE,2022-08,48,17,6
MRO-70005,PUNE,2022-09,68,25,11
MRO-70005,PUNE,2022-10,33,17,10
MRO-70005,PUNE,2022-11,42,20,6
MRO-70005,PUNE,2022-12,39,16,11
MRO-70005,PUNE,2023-01,54,20,9
MRO-70005,PUNE,2023-02,27,11,9
MRO-70005,PUNE,2023-03,71,30,15
MRO-70005,PUNE,2023-04,56,17,10
MRO-70005,PUNE,2023-05,47,19,6
MRO-70005,PUNE,2023-06,73,31,9
MRO-70005,PUNE,2023-07,48,17,3
MRO-70005,PUNE,2023-08,38,15,9
MRO-70005,PUNE,2023-09,69,19,10
MRO-70005,PUNE,2023-10,28,12,11
MRO-70005,PUNE,2023-11,55,23,11
MRO-70005,PUNE,2023-12,72,26,14
MRO-70005,PUNE,2024-01,51,20,12
MRO-70005,PUNE,2024-02,40,15,8
MRO-70005,PUNE,2024-03,60,24,5
MRO-70005,PUNE,2024-04,71,24,11
MRO-70005,PUNE,2024-05,56,18,9
MRO-70005,PUNE,2024-06,61,21,9
MRO-70005,PUNE,2024-07,57,22,15
MRO-70005,PUNE,2024-08,34,14,5
MRO-70005,PUNE,2024-09,87,28,11
MRO-70005,PUNE,2024-10,46,19,8
MRO-70005,PUNE,2024-11,41,18,8
MRO-70005,PUNE,2024-12,81,29,13
MRO-70005,PUNE,2025-01,2,1,0
MRO-80001,CHEN,2022-01,2,2,14
MRO-80001,CHEN,2022-02,1,1,10
MRO-80001,CHEN,2022-03,2,2,12
MRO-80001,CHEN,2022-04,2,2,10
MRO-80001,CHEN,2022-05,4,4,13
MRO-80001,CHEN,2022-06,2,2,13
MRO-80001,CHEN,2022-07,3,3,11
MRO-80001,CHEN,2022-08,3,3,12
MRO-80001,CHEN,2022-09,2,2,8
MRO-80001,CHEN,2022-10,4,4,16
MRO-80001,CHEN,2022-11,3,3,14
MRO-80001,CHEN,2022-12,4,4,16
MRO-80001,CHEN,2023-01,3,3,11
MRO-80001,CHEN,2023-02,1,1,7
MRO-80001,CHEN,2023-03,2,2,15
MRO-80001,CHEN,2023-04,4,4,9
MRO-80001,CHEN,2023-05,1,1,12
MRO-80001,CHEN,2023-06,6,6,7
MRO-80001,CHEN,2023-07,3,3,9
MRO-80001,CHEN,2023-08,3,3,11
MRO-80001,CHEN,2023-09,3,3,10
MRO-80001,CHEN,2023-10,1,1,11
MRO-80001,CHEN,2023-11,2,2,15
MRO-80001,CHEN,2023-12,5,5,10
MRO-80001,CHEN,2024-01,4,4,10
MRO-80001,CHEN,2024-02,1,1,9
MRO-80001,CHEN,2024-03,3,3,12
MRO-80001,CHEN,2024-04,2,2,15
MRO-80001,CHEN,2024-05,7,7,4
MRO-80001,CHEN,2024-06,6,6,6
MRO-80001,CHEN,2024-07,7,7,10
MRO-80001,CHEN,2024-08,0,0,9
MRO-80001,CHEN,2024-09,3,3,11
MRO-80001,CHEN,2024-10,5,5,16
MRO-80001,CHEN,2024-11,2,2,14
MRO-80001,CHEN,2024-12,4,4,12
MRO-80001,CHEN,2025-01,0,0,2
MRO-80001,DHAR,2022-01,3,3,11
MRO-80001,DHAR,2022-02,0,0,16
MRO-80001,DHAR,2022-03,2,2,9
MRO-80001,DHAR,2022-04,1,1,13
MRO-80001,DHAR,2022-05,2,2,10
MRO-80001,DHAR,2022-06,2,2,12
MRO-80001,DHAR,2022-07,6,6,8
MRO-80001,DHAR,2022-08,0,0,18
MRO-80001,DHAR,2022-09,3,3,8
MRO-80001,DHAR,2022-10,3,3,13
MRO-80001,DHAR,2022-11,2,2,15
MRO-80001,DHAR,2022-12,1,1,13
MRO-80001,DHAR,2023-01,4,4,14
MRO-80001,DHAR,2023-02,2,2,9
MRO-80001,DHAR,2023-03,3,3,8
MRO-80001,DHAR,2023-04,3,3,16
MRO-80001,DHAR,2023-05,1,1,14
MRO-80001,DHAR,2023-06,2,2,19
MRO-80001,DHAR,2023-07,5,5,16
MRO-80001,DHAR,2023-08,0,0,14
MRO-80001,DHAR,2023-09,3,3,7
MRO-80001,DHAR,2023-10,2,2,10
MRO-80001,DHAR,2023-11,4,4,10
MRO-80001,DHAR,2023-12,2,2,10
MRO-80001,DHAR,2024-01,3,3,19
MRO-80001,DHAR,2024-02,0,0,16
MRO-80001,DHAR,2024-03,3,3,18
MRO-80001,DHAR,2024-04,1,1,12
MRO-80001,DHAR,2024-05,1,1,10
MRO-80001,DHAR,2024-06,4,4,9
MRO-80001,DHAR,2024-07,6,6,12
MRO-80001,DHAR,2024-08,4,4,17
MRO-80001,DHAR,2024-09,3,3,15
MRO-80001,DHAR,2024-10,2,2,12
MRO-80001,DHAR,2024-11,1,1,13
MRO-80001,DHAR,2024-12,6,6,13
MRO-80001,DHAR,2025-01,0,0,0
MRO-80001,PUNE,2022-01,3,3,13
MRO-80001,PUNE,2022-02,2,2,17
MRO-80001,PUNE,2022-03,6,6,17
MRO-80001,PUNE,2022-04,2,2,15
MRO-80001,PUNE,2022-05,2,2,14
MRO-80001,PUNE,2022-06,8,8,18
MRO-80001,PUNE,2022-07,1,1,5
MRO-80001,PUNE,2022-08,3,3,12
MRO-80001,PUNE,2022-09,3,3,16
MRO-80001,PUNE,2022-10,3,3,10
MRO-80001,PUNE,2022-11,1,1,18
MRO-80001,PUNE,2022-12,4,4,15
MRO-80001,PUNE,2023-01,0,0,16
MRO-80001,PUNE,2023-02,2,2,12
MRO-80001,PUNE,2023-03,4,4,17
MRO-80001,PUNE,2023-04,3,3,13
MRO-80001,PUNE,2023-05,5,5,12
MRO-80001,PUNE,2023-06,7,7,18
MRO-80001,PUNE,2023-07,6,6,22
MRO-80001,PUNE,2023-08,1,1,13
MRO-80001,PUNE,2023-09,1,1,12
MRO-80001,PUNE,2023-10,9,9,13
MRO-80001,PUNE,2023-11,1,1,24
MRO-80001,PUNE,2023-12,6,6,17
MRO-80001,PUNE,2024-01,5,5,18
MRO-80001,PUNE,2024-02,2,2,13
MRO-80001,PUNE,2024-03,5,5,13
MRO-80001,PUNE,2024-04,1,1,10
MRO-80001,PUNE,2024-05,6,6,14
MRO-80001,PUNE,2024-06,6,6,15
MRO-80001,PUNE,2024-07,4,4,16
MRO-80001,PUNE,2024-08,2,2,17
MRO-80001,PUNE,2024-09,4,4,19
MRO-80001,PUNE,2024-10,2,2,14
MRO-80001,PUNE,2024-11,3,3,7
MRO-80001,PUNE,2024-12,5,5,17
MRO-80001,PUNE,2025-01,0,0,1
MRO-80002,CHEN,2022-01,0,0,7
MRO-80002,CHEN,2022-02,3,3,6
MRO-80002,CHEN,2022-03,3,3,7
MRO-80002,CHEN,2022-04,0,0,5
MRO-80002,CHEN,2022-05,4,4,10
MRO-80002,CHEN,2022-06,6,6,8
MRO-80002,CHEN,2022-07,4,4,13
MRO-80002,CHEN,2022-08,3,3,6
MRO-80002,CHEN,2022-09,3,3,12
MRO-80002,CHEN,2022-10,4,4,9
MRO-80002,CHEN,2022-11,1,1,10
MRO-80002,CHEN,2022-12,4,4,8
MRO-80002,CHEN,2023-01,2,2,5
MRO-80002,CHEN,2023-02,0,0,4
MRO-80002,CHEN,2023-03,1,1,14
MRO-80002,CHEN,2023-04,3,3,6
MRO-80002,CHEN,2023-05,6,6,9
MRO-80002,CHEN,2023-06,0,0,7
MRO-80002,CHEN,2023-07,2,2,5
MRO-80002,CHEN,2023-08,0,0,10
MRO-80002,CHEN,2023-09,3,3,5
MRO-80002,CHEN,2023-10,1,1,9
MRO-80002,CHEN,2023-11,2,2,8
MRO-80002,CHEN,2023-12,2,2,13
MRO-80002,CHEN,2024-01,1,1,10
MRO-80002,CHEN,2024-02,4,4,4
MRO-80002,CHEN,2024-03,2,2,8
MRO-80002,CHEN,2024-04,2,2,7
MRO-80002,CHEN,2024-05,1,1,10
MRO-80002,CHEN,2024-06,2,2,7
MRO-80002,CHEN,2024-07,1,1,17
MRO-80002,CHEN,2024-08,1,1,5
MRO-80002,CHEN,2024-09,2,2,5
MRO-80002,CHEN,2024-10,3,3,10
MRO-80002,CHEN,2024-11,1,1,6
MRO-80002,CHEN,2024-12,5,5,8
MRO-80002,CHEN,2025-01,0,0,2
MRO-80002,DHAR,2022-01,0,0,9
MRO-80002,DHAR,2022-02,4,4,11
MRO-80002,DHAR,2022-03,4,4,10
MRO-80002,DHAR,2022-04,2,2,8
MRO-80002,DHAR,2022-05,2,2,9
MRO-80002,DHAR,2022-06,4,4,7
MRO-80002,DHAR,2022-07,2,2,6
MRO-80002,DHAR,2022-08,2,2,13
MRO-80002,DHAR,2022-09,2,2,9
MRO-80002,DHAR,2022-10,3,3,11
MRO-80002,DHAR,2022-11,2,2,13
MRO-80002,DHAR,2022-12,0,0,7
MRO-80002,DHAR,2023-01,1,1,12
MRO-80002,DHAR,2023-02,2,2,10
MRO-80002,DHAR,2023-03,5,5,9
MRO-80002,DHAR,2023-04,3,3,7
MRO-80002,DHAR,2023-05,3,3,9
MRO-80002,DHAR,2023-06,1,1,11
MRO-80002,DHAR,2023-07,2,2,11
MRO-80002,DHAR,2023-08,1,1,12
MRO-80002,DHAR,2023-09,2,2,4
MRO-80002,DHAR,2023-10,0,0,10
MRO-80002,DHAR,2023-11,3,3,8
MRO-80002,DHAR,2023-12,2,2,11
MRO-80002,DHAR,2024-01,4,4,15
MRO-80002,DHAR,2024-02,1,1,9
MRO-80002,DHAR,2024-03,1,1,9
MRO-80002,DHAR,2024-04,0,0,9
MRO-80002,DHAR,2024-05,3,3,9
MRO-80002,DHAR,2024-06,0,0,11
MRO-80002,DHAR,2024-07,3,3,11
MRO-80002,DHAR,2024-08,4,4,11
MRO-80002,DHAR,2024-09,6,6,10
MRO-80002,DHAR,2024-10,6,6,9
MRO-80002,DHAR,2024-11,3,3,12
MRO-80002,DHAR,2024-12,3,3,7
MRO-80002,DHAR,2025-01,0,0,1
MRO-80002,PUNE,2022-01,4,4,10
MRO-80002,PUNE,2022-02,3,3,9
MRO-80002,PUNE,2022-03,1,1,11
MRO-80002,PUNE,2022-04,4,4,12
MRO-80002,PUNE,2022-05,0,0,10
MRO-80002,PUNE,2022-06,6,6,12
MRO-80002,PUNE,2022-07,1,1,9
MRO-80002,PUNE,2022-08,2,2,11
MRO-80002,PUNE,2022-09,5,5,16
MRO-80002,PUNE,2022-10,3,3,14
MRO-80002,PUNE,2022-11,3,3,11
MRO-80002,PUNE,2022-12,1,1,13
MRO-80002,PUNE,2023-01,1,1,13
MRO-80002,PUNE,2023-02,1,1,16
MRO-80002,PUNE,2023-03,5,5,12
MRO-80002,PUNE,2023-04,1,1,7
MRO-80002,PUNE,2023-05,2,2,12
MRO-80002,PUNE,2023-06,4,4,8
MRO-80002,PUNE,2023-07,2,2,9
MRO-80002,PUNE,2023-08,2,2,8
MRO-80002,PUNE,2023-09,3,3,18
MRO-80002,PUNE,2023-10,6,6,7
MRO-80002,PUNE,2023-11,1,1,8
MRO-80002,PUNE,2023-12,2,2,15
MRO-80002,PUNE,2024-01,7,7,16
MRO-80002,PUNE,2024-02,1,1,14
MRO-80002,PUNE,2024-03,5,5,9
MRO-80002,PUNE,2024-04,0,0,12
MRO-80002,PUNE,2024-05,3,3,15
MRO-80002,PUNE,2024-06,5,5,9
MRO-80002,PUNE,2024-07,4,4,14
MRO-80002,PUNE,2024-08,6,6,9
MRO-80002,PUNE,2024-09,2,2,9
MRO-80002,PUNE,2024-10,0,0,7
MRO-80002,PUNE,2024-11,1,1,10
MRO-80002,PUNE,2024-12,5,5,15
MRO-80002,PUNE,2025-01,0,0,1
MRO-90011,CHEN,2022-01,39,27,11
MRO-90011,CHEN,2022-02,13,10,7
MRO-90011,CHEN,2022-03,48,30,7
MRO-90011,CHEN,2022-04,31,24,7
MRO-90011,CHEN,2022-05,20,17,3
MRO-90011,CHEN,2022-06,38,29,6
MRO-90011,CHEN,2022-07,29,22,5
MRO-90011,CHEN,2022-08,27,21,10
MRO-90011,CHEN,2022-09,25,20,2
MRO-90011,CHEN,2022-10,33,24,11
MRO-90011,CHEN,2022-11,23,17,9
MRO-90011,CHEN,2022-12,32,23,8
MRO-90011,CHEN,2023-01,32,24,6
MRO-90011,CHEN,2023-02,21,17,4
MRO-90011,CHEN,2023-03,44,30,4
MRO-90011,CHEN,2023-04,23,15,5
MRO-90011,CHEN,2023-05,33,21,6
MRO-90011,CHEN,2023-06,28,23,7
MRO-90011,CHEN,2023-07,26,20,8
MRO-90011,CHEN,2023-08,37,27,8
MRO-90011,CHEN,2023-09,30,17,4
MRO-90011,CHEN,2023-10,31,21,7
MRO-90011,CHEN,2023-11,26,19,10
MRO-90011,CHEN,2023-12,38,30,7
MRO-90011,CHEN,2024-01,21,14,7
MRO-90011,CHEN,2024-02,38,27,9
MRO-90011,CHEN,2024-03,46,32,7
MRO-90011,CHEN,2024-04,35,20,6
MRO-90011,CHEN,2024-05,27,21,4
MRO-90011,CHEN,2024-06,34,24,5
MRO-90011,CHEN,2024-07,39,24,6
MRO-90011,CHEN,2024-08,30,22,7
MRO-90011,CHEN,2024-09,25,22,5
MRO-90011,CHEN,2024-10,32,21,7
MRO-90011,CHEN,2024-11,22,19,6
MRO-90011,CHEN,2024-12,39,29,3
MRO-90011,CHEN,2025-01,1,1,0
MRO-90011,DHAR,2022-01,21,19,4
MRO-90011,DHAR,2022-02,30,20,10
MRO-90011,DHAR,2022-03,34,27,6
MRO-90011,DHAR,2022-04,32,23,10
MRO-90011,DHAR,2022-05,27,19,9
MRO-90011,DHAR,2022-06,37,28,7
MRO-90011,DHAR,2022-07,19,16,3
MRO-90011,DHAR,2022-08,28,20,7
MRO-90011,DHAR,2022-09,38,27,8
MRO-90011,DHAR,2022-10,23,17,7
MRO-90011,DHAR,2022-11,20,16,8
MRO-90011,DHAR,2022-12,29,21,7
MRO-90011,DHAR,2023-01,23,20,3
MRO-90011,DHAR,2023-02,27,17,6
MRO-90011,DHAR,2023-03,51,32,7
MRO-90011,DHAR,2023-04,25,23,4
MRO-90011,DHAR,2023-05,27,18,5
MRO-90011,DHAR,2023-06,27,23,9
MRO-90011,DHAR,2023-07,22,18,7
MRO-90011,DHAR,2023-08,32,25,6
MRO-90011,DHAR,2023-09,37,30,8
MRO-90011,DHAR,2023-10,26,15,8
MRO-90011,DHAR,2023-11,25,22,5
MRO-90011,DHAR,2023-12,49,32,9
MRO-90011,DHAR,2024-01,31,25,14
MRO-90011,DHAR,2024-02,23,18,7
MRO-90011,DHAR,2024-03,32,23,6
MRO-90011,DHAR,2024-04,33,23,5
MRO-90011,DHAR,2024-05,30,22,12
MRO-90011,DHAR,2024-06,35,26,7
MRO-90011,DHAR,2024-07,31,21,7
MRO-90011,DHAR,2024-08,19,16,8
MRO-90011,DHAR,2024-09,31,25,5
MRO-90011,DHAR,2024-10,21,16,7
MRO-90011,DHAR,2024-11,42,26,9
MRO-90011,DHAR,2024-12,40,29,8
MRO-90011,DHAR,2025-01,0,0,0
MRO-90011,PUNE,2022-01,37,31,7
MRO-90011,PUNE,2022-02,45,33,5
MRO-90011,PUNE,2022-03,44,36,4
MRO-90011,PUNE,2022-04,31,27,9
MRO-90011,PUNE,2022-05,34,23,4
MRO-90011,PUNE,2022-06,43,34,9
MRO-90011,PUNE,2022-07,56,40,12
MRO-90011,PUNE,2022-08,30,23,5
MRO-90011,PUNE,2022-09,36,27,9
MRO-90011,PUNE,2022-10,41,29,6
MRO-90011,PUNE,2022-11,32,25,9
MRO-90011,PUNE,2022-12,52,42,6
MRO-90011,PUNE,2023-01,31,23,8
MRO-90011,PUNE,2023-02,28,20,7
MRO-90011,PUNE,2023-03,78,47,12
MRO-90011,PUNE,2023-04,30,24,6
MRO-90011,PUNE,2023-05,40,31,8
MRO-90011,PUNE,2023-06,50,38,11
MRO-90011,PUNE,2023-07,23,17,8
MRO-90011,PUNE,2023-08,37,26,11
MRO-90011,PUNE,2023-09,32,27,8
MRO-90011,PUNE,2023-10,35,27,8
MRO-90011,PUNE,2023-11,25,18,9
MRO-90011,PUNE,2023-12,37,26,9
MRO-90011,PUNE,2024-01,43,32,15
MRO-90011,PUNE,2024-02,29,24,4
MRO-90011,PUNE,2024-03,32,27,6
MRO-90011,PUNE,2024-04,40,28,8
MRO-90011,PUNE,2024-05,46,37,12
MRO-90011,PUNE,2024-06,42,33,7
MRO-90011,PUNE,2024-07,37,30,6
MRO-90011,PUNE,2024-08,36,27,9
MRO-90011,PUNE,2024-09,53,39,7
MRO-90011,PUNE,2024-10,41,28,10
MRO-90011,PUNE,2024-11,33,26,14
MRO-90011,PUNE,2024-12,56,39,10
MRO-90011,PUNE,2025-01,4,2,0
MRO-90012,CHEN,2022-01,26,15,4
MRO-90012,CHEN,2022-02,38,20,12
MRO-90012,CHEN,2022-03,53,29,9
MRO-90012,CHEN,2022-04,34,22,11
MRO-90012,CHEN,2022-05,34,18,4
MRO-90012,CHEN,2022-06,53,30,13
MRO-90012,CHEN,2022-07,32,21,7
MRO-90012,CHEN,2022-08,48,25,3
MRO-90012,CHEN,2022-09,42,27,5
MRO-90012,CHEN,2022-10,21,14,6
MRO-90012,CHEN,2022-11,25,15,2
MRO-90012,CHEN,2022-12,48,34,4
MRO-90012,CHEN,2023-01,45,22,7
MRO-90012,CHEN,2023-02,33,20,6
MRO-90012,CHEN,2023-03,38,25,6
MRO-90012,CHEN,2023-04,31,22,5
MRO-90012,CHEN,2023-05,35,23,6
MRO-90012,CHEN,2023-06,32,19,4
MRO-90012,CHEN,2023-07,46,25,7
MRO-90012,CHEN,2023-08,30,20,8
MRO-90012,CHEN,2023-09,43,27,5
MRO-90012,CHEN,2023-10,31,17,10
MRO-90012,CHEN,2023-11,41,20,4
MRO-90012,CHEN,2023-12,28,20,6
MRO-90012,CHEN,2024-01,43,18,7
MRO-90012,CHEN,2024-02,32,19,6
MRO-90012,CHEN,2024-03,60,33,7
MRO-90012,CHEN,2024-04,29,17,5
MRO-90012,CHEN,2024-05,37,24,7
MRO-90012,CHEN,2024-06,46,31,6
MRO-90012,CHEN,2024-07,21,15,3
MRO-90012,CHEN,2024-08,20,12,7
MRO-90012,CHEN,2024-09,39,24,4
MRO-90012,CHEN,2024-10,36,19,6
MRO-90012,CHEN,2024-11,51,25,4
MRO-90012,CHEN,2024-12,56,28,7
MRO-90012,CHEN,2025-01,0,0,0
MRO-90012,DHAR,2022-01,28,15,11
MRO-90012,DHAR,2022-02,15,12,4
MRO-90012,DHAR,2022-03,34,22,8
MRO-90012,DHAR,2022-04,23,14,8
MRO-90012,DHAR,2022-05,23,16,7
MRO-90012,DHAR,2022-06,38,27,9
MRO-90012,DHAR,2022-07,23,16,9
MRO-90012,DHAR,2022-08,38,22,8
MRO-90012,DHAR,2022-09,32,19,4
MRO-90012,DHAR,2022-10,36,18,13
MRO-90012,DHAR,2022-11,34,19,10
MRO-90012,DHAR,2022-12,47,26,4
MRO-90012,DHAR,2023-01,31,19,7
MRO-90012,DHAR,2023-02,19,13,6
MRO-90012,DHAR,2023-03,41,23,9
MRO-90012,DHAR,2023-04,31,20,6
MRO-90012,DHAR,2023-05,39,23,3
MRO-90012,DHAR,2023-06,39,22,10
MRO-90012,DHAR,2023-07,22,11,5
MRO-90012,DHAR,2023-08,37,22,10
MRO-90012,DHAR,2023-09,37,25,8
MRO-90012,DHAR,2023-10,24,16,5
MRO-90012,DHAR,2023-11,35,19,4
MRO-90012,DHAR,2023-12,30,19,7
MRO-90012,DHAR,2024-01,17,11,8
MRO-90012,DHAR,2024-02,26,17,10
MRO-90012,DHAR,2024-03,44,26,9
MRO-90012,DHAR,2024-04,36,20,8
MRO-90012,DHAR,2024-05,29,21,6
MRO-90012,DHAR,2024-06,38,22,6
MRO-90012,DHAR,2024-07,24,17,8
MRO-90012,DHAR,2024-08,31,20,11
MRO-90012,DHAR,2024-09,29,21,8
MRO-90012,DHAR,2024-10,35,21,9
MRO-90012,DHAR,2024-11,34,20,8
MRO-90012,DHAR,2024-12,42,25,6
MRO-90012,DHAR,2025-01,5,2,1
MRO-90012,PUNE,2022-01,41,25,6
MRO-90012,PUNE,2022-02,33,22,10
MRO-90012,PUNE,2022-03,50,32,6
MRO-90012,PUNE,2022-04,38,23,7
MRO-90012,PUNE,2022-05,31,19,9
MRO-90012,PUNE,2022-06,54,31,9
MRO-90012,PUNE,2022-07,41,24,12
MRO-90012,PUNE,2022-08,33,22,5
MRO-90012,PUNE,2022-09,65,38,5
MRO-90012,PUNE,2022-10,39,24,5
MRO-90012,PUNE,2022-11,40,25,6
MRO-90012,PUNE,2022-12,48,29,11
MRO-90012,PUNE,2023-01,39,23,10
MRO-90012,PUNE,2023-02,33,21,13
MRO-90012,PUNE,2023-03,51,32,8
MRO-90012,PUNE,2023-04,28,17,12
MRO-90012,PUNE,2023-05,42,25,13
MRO-90012,PUNE,2023-06,53,29,10
MRO-90012,PUNE,2023-07,33,20,8
MRO-90012,PUNE,2023-08,53,32,11
MRO-90012,PUNE,2023-09,31,18,10
MRO-90012,PUNE,2023-10,55,31,12
MRO-90012,PUNE,2023-11,46,28,13
MRO-90012,PUNE,2023-12,51,33,11
MRO-90012,PUNE,2024-01,57,34,10
MRO-90012,PUNE,2024-02,50,24,4
MRO-90012,PUNE,2024-03,47,29,11
MRO-90012,PUNE,2024-04,40,21,4
MRO-90012,PUNE,2024-05,33,22,12
MRO-90012,PUNE,2024-06,48,31,11
MRO-90012,PUNE,2024-07,50,32,12
MRO-90012,PUNE,2024-08,38,23,12
MRO-90012,PUNE,2024-09,45,31,10
MRO-90012,PUNE,2024-10,39,24,9
MRO-90012,PUNE,2024-11,48,31,13
MRO-90012,PUNE,2024-12,60,35,10
MRO-90012,PUNE,2025-01,4,3,0
