sku_id,city_id,warehouse_id,snapshot_date,on_hand_qty,reorder_point,reorder_qty,unit_cost_usd,stock_value_usd,below_reorder
B2B-017FC278,OBRE,OBRE-01,2029-12-28,4,5,1,131.0,524.0,1
B2B-01DE7624,NAVA,NAVA-01,2029-12-28,14,10,4,78.0,1092.0,0
B2B-0204FB90,NAVA,NAVA-01,2029-12-28,12,28,8,24.0,288.0,1
B2B-0204FB90,OBRE,OBRE-01,2029-12-28,27,18,3,24.0,648.0,0
B2B-023801DD,NAVA,NAVA-01,2029-12-28,1,2,1,548.0,548.0,1
B2B-023801DD,OBRE,OBRE-01,2029-12-28,2,2,1,548.0,1096.0,0
B2B-02702E82,OBRE,OBRE-01,2029-12-28,8,5,2,30.5,244.0,0
B2B-02A3F8C0,OBRE,OBRE-01,2029-12-28,1,3,1,506.0,506.0,1
B2B-02EDB12B,NAVA,NAVA-01,2029-12-28,11,9,3,89.0,979.0,0
B2B-030788CA,NAVA,NAVA-01,2029-12-28,17,13,2,37.0,629.0,0
B2B-030788CA,OBRE,OBRE-01,2029-12-28,31,18,3,37.0,1147.0,0
B2B-031521B6,NAVA,NAVA-01,2029-12-28,7,6,2,125.0,875.0,0
B2B-034A55B1,NAVA,NAVA-01,2029-12-28,2,3,1,84.0,168.0,1
B2B-03D4E261,NAVA,NAVA-01,2029-12-28,3,3,1,218.0,654.0,0
B2B-03D4E261,OBRE,OBRE-01,2029-12-28,3,3,1,218.0,654.0,0
B2B-03F2DDDA,NAVA,NAVA-01,2029-12-28,5,3,1,345.0,1725.0,0
B2B-04A67908,NAVA,NAVA-01,2029-12-28,12,15,4,34.0,408.0,1
B2B-04A67908,OBRE,OBRE-01,2029-12-28,35,23,5,34.0,1190.0,0
B2B-04E64A1E,OBRE,OBRE-01,2029-12-28,3,3,1,176.0,528.0,0
B2B-04E72EE3,NAVA,NAVA-01,2029-12-28,18,14,5,6.0,108.0,0
B2B-04FFF724,NAVA,NAVA-01,2029-12-28,4,3,1,870.0,3480.0,0
B2B-04FFF724,OBRE,OBRE-01,2029-12-28,5,4,1,870.0,4350.0,0
B2B-055862A4,NAVA,NAVA-01,2029-12-28,17,38,13,18.0,306.0,1
B2B-055862A4,OBRE,OBRE-01,2029-12-28,14,26,7,18.0,252.0,1
B2B-05BB0047,NAVA,NAVA-01,2029-12-28,6,9,2,43.0,258.0,1
B2B-05BB0047,OBRE,OBRE-01,2029-12-28,6,14,3,43.0,258.0,1
B2B-0613D319,OBRE,OBRE-01,2029-12-28,5,3,1,326.0,1630.0,0
B2B-064325A4,NAVA,NAVA-01,2029-12-28,9,13,2,9.5,85.5,1
B2B-064325A4,OBRE,OBRE-01,2029-12-28,12,18,3,9.5,114.0,1
B2B-0663EAC5,NAVA,NAVA-01,2029-12-28,15,10,3,29.0,435.0,0
B2B-0663EAC5,OBRE,OBRE-01,2029-12-28,4,8,2,29.0,116.0,1
B2B-06E7F576,NAVA,NAVA-01,2029-12-28,5,4,1,129.5,647.5,0
B2B-06E7F576,OBRE,OBRE-01,2029-12-28,8,12,2,129.5,1036.0,1
B2B-06F0B7BB,NAVA,NAVA-01,2029-12-28,21,12,5,157.0,3297.0,0
B2B-074C259B,NAVA,NAVA-01,2029-12-28,24,31,8,5.0,120.0,1
B2B-074C259B,OBRE,OBRE-01,2029-12-28,67,41,13,5.0,335.0,0
B2B-07E656C6,NAVA,NAVA-01,2029-12-28,28,24,8,93.0,2604.0,0
B2B-07E656C6,OBRE,OBRE-01,2029-12-28,2,5,1,93.0,186.0,1
B2B-0807EF6D,NAVA,NAVA-01,2029-12-28,3,2,1,11193.0,33579.0,0
B2B-081C324A,OBRE,OBRE-01,2029-12-28,14,17,4,10.0,140.0,1
B2B-090C0C8F,NAVA,NAVA-01,2029-12-28,30,20,8,11.0,330.0,0
B2B-090C0C8F,OBRE,OBRE-01,2029-12-28,8,8,2,11.0,88.0,0
B2B-09A87048,NAVA,NAVA-01,2029-12-28,14,15,7,22.0,308.0,1
B2B-09D3794B,OBRE,OBRE-01,2029-12-28,7,10,2,39.0,273.0,1
B2B-09E188FB,NAVA,NAVA-01,2029-12-28,9,25,4,22.0,198.0,1
B2B-09E188FB,OBRE,OBRE-01,2029-12-28,85,53,10,22.0,1870.0,0
B2B-09EE755B,NAVA,NAVA-01,2029-12-28,0,1,1,3439.0,0.0,1
B2B-09EE755B,OBRE,OBRE-01,2029-12-28,3,2,1,3439.0,10317.0,0
B2B-09F6C494,NAVA,NAVA-01,2029-12-28,9,8,2,16.0,144.0,0
B2B-0A049C10,OBRE,OBRE-01,2029-12-28,14,13,4,13.0,182.0,0
B2B-0A7B5D7F,NAVA,NAVA-01,2029-12-28,6,5,2,243.5,1461.0,0
B2B-0A7B5D7F,OBRE,OBRE-01,2029-12-28,2,3,1,243.5,487.0,1
B2B-0B2EBB6B,NAVA,NAVA-01,2029-12-28,8,9,3,35.0,280.0,1
B2B-0B7D27FA,OBRE,OBRE-01,2029-12-28,12,10,2,33.0,396.0,0
B2B-0BD7AABE,OBRE,OBRE-01,2029-12-28,3,3,1,584.0,1752.0,0
B2B-0BDEBF74,NAVA,NAVA-01,2029-12-28,0,1,1,676.0,0.0,1
B2B-0BDEBF74,OBRE,OBRE-01,2029-12-28,7,4,1,676.0,4732.0,0
B2B-0BE47CF6,OBRE,OBRE-01,2029-12-28,8,8,2,169.0,1352.0,0
B2B-0BFDC0C3,NAVA,NAVA-01,2029-12-28,3,3,1,251.0,753.0,0
B2B-0BFDC0C3,OBRE,OBRE-01,2029-12-28,3,4,1,251.0,753.0,1
B2B-0C20548B,NAVA,NAVA-01,2029-12-28,9,13,4,26.0,234.0,1
B2B-0C232B3D,NAVA,NAVA-01,2029-12-28,16,12,4,41.0,656.0,0
B2B-0C8A83CA,NAVA,NAVA-01,2029-12-28,3,2,1,391.0,1173.0,0
B2B-0C8A83CA,OBRE,OBRE-01,2029-12-28,6,4,1,391.0,2346.0,0
B2B-0CE85B8A,NAVA,NAVA-01,2029-12-28,8,5,2,3264.0,26112.0,0
B2B-0D033FE2,NAVA,NAVA-01,2029-12-28,3,3,1,15.0,45.0,0
B2B-0D033FE2,OBRE,OBRE-01,2029-12-28,3,3,1,15.0,45.0,0
B2B-0D1CC065,OBRE,OBRE-01,2029-12-28,3,2,1,149.0,447.0,0
B2B-0DD1AA9C,NAVA,NAVA-01,2029-12-28,7,17,6,18.0,126.0,1
B2B-0DD1AA9C,OBRE,OBRE-01,2029-12-28,12,11,2,18.0,216.0,0
B2B-0DFF8701,NAVA,NAVA-01,2029-12-28,4,3,1,72.5,290.0,0
B2B-0E2D8BD2,OBRE,OBRE-01,2029-12-28,10,11,2,34.0,340.0,1
B2B-0E4605CF,NAVA,NAVA-01,2029-12-28,15,12,2,77.0,1155.0,0
B2B-0E4605CF,OBRE,OBRE-01,2029-12-28,7,11,3,77.0,539.0,1
B2B-0E9545F7,NAVA,NAVA-01,2029-12-28,16,10,3,15.0,240.0,0
B2B-0F2B7E81,NAVA,NAVA-01,2029-12-28,41,24,11,52.0,2132.0,0
B2B-0F652EB9,NAVA,NAVA-01,2029-12-28,3,9,4,74.0,222.0,1
B2B-0FB69D23,OBRE,OBRE-01,2029-12-28,15,10,3,10.0,150.0,0
B2B-0FCFAD40,NAVA,NAVA-01,2029-12-28,2,2,1,307.0,614.0,0
B2B-0FCFAD40,OBRE,OBRE-01,2029-12-28,2,3,1,307.0,614.0,1
B2B-0FF8FFA4,OBRE,OBRE-01,2029-12-28,18,24,5,26.0,468.0,1
B2B-107EFC1C,NAVA,NAVA-01,2029-12-28,17,11,3,20.0,340.0,0
B2B-107EFC1C,OBRE,OBRE-01,2029-12-28,11,9,2,20.0,220.0,0
B2B-108C769F,NAVA,NAVA-01,2029-12-28,2,3,1,168.0,336.0,1
B2B-108C769F,OBRE,OBRE-01,2029-12-28,4,3,1,168.0,672.0,0
B2B-10C8B88C,NAVA,NAVA-01,2029-12-28,7,4,1,162.5,1137.5,0
B2B-10C8B88C,OBRE,OBRE-01,2029-12-28,5,4,1,162.5,812.5,0
B2B-110AF049,OBRE,OBRE-01,2029-12-28,8,6,2,52.5,420.0,0
B2B-112A7A30,OBRE,OBRE-01,2029-12-28,5,3,1,2155.0,10775.0,0
B2B-112D80FF,NAVA,NAVA-01,2029-12-28,4,3,1,114.0,456.0,0
B2B-112D80FF,OBRE,OBRE-01,2029-12-28,6,5,1,114.0,684.0,0
B2B-11B2A747,OBRE,OBRE-01,2029-12-28,24,16,3,125.0,3000.0,0
B2B-11EC40BA,NAVA,NAVA-01,2029-12-28,4,7,3,37.0,148.0,1
B2B-11F00043,NAVA,NAVA-01,2029-12-28,12,17,7,20.0,240.0,1
B2B-11F9D853,OBRE,OBRE-01,2029-12-28,10,8,2,61.0,610.0,0
B2B-1228D9AB,OBRE,OBRE-01,2029-12-28,2,3,1,85.0,170.0,1
B2B-12329DAA,NAVA,NAVA-01,2029-12-28,8,15,4,22.0,176.0,1
B2B-12329DAA,OBRE,OBRE-01,2029-12-28,15,15,3,22.0,330.0,0
B2B-126DED1C,NAVA,NAVA-01,2029-12-28,5,3,1,485.0,2425.0,0
B2B-126DED1C,OBRE,OBRE-01,2029-12-28,2,3,1,485.0,970.0,1
B2B-135AD84E,NAVA,NAVA-01,2029-12-28,3,7,2,336.0,1008.0,1
B2B-135AD84E,OBRE,OBRE-01,2029-12-28,5,9,2,336.0,1680.0,1
B2B-13C90FB6,NAVA,NAVA-01,2029-12-28,9,9,3,25.0,225.0,0
B2B-13C90FB6,OBRE,OBRE-01,2029-12-28,3,6,2,25.0,75.0,1
B2B-1402824E,OBRE,OBRE-01,2029-12-28,3,3,1,711.0,2133.0,0
B2B-14284CA2,NAVA,NAVA-01,2029-12-28,1,2,1,3397.0,3397.0,1
B2B-142D3777,OBRE,OBRE-01,2029-12-28,8,11,2,97.0,776.0,1
B2B-14601675,NAVA,NAVA-01,2029-12-28,2,3,1,23.0,46.0,1
B2B-14601675,OBRE,OBRE-01,2029-12-28,16,10,2,23.0,368.0,0
B2B-1487F8B3,NAVA,NAVA-01,2029-12-28,5,6,2,63.0,315.0,1
B2B-148FAF9F,NAVA,NAVA-01,2029-12-28,29,29,13,24.0,696.0,0
B2B-1508C522,NAVA,NAVA-01,2029-12-28,82,54,16,1.0,82.0,0
B2B-1508C522,OBRE,OBRE-01,2029-12-28,22,32,9,1.0,22.0,1
B2B-151302E4,NAVA,NAVA-01,2029-12-28,15,16,5,18.0,270.0,1
B2B-154C3938,OBRE,OBRE-01,2029-12-28,7,6,2,31.0,217.0,0
B2B-15FE9FAE,OBRE,OBRE-01,2029-12-28,9,9,2,26.0,234.0,0
B2B-1777BD2C,NAVA,NAVA-01,2029-12-28,5,5,2,407.0,2035.0,0
B2B-1881FA7E,NAVA,NAVA-01,2029-12-28,20,13,2,1.0,20.0,0
B2B-1881FA7E,OBRE,OBRE-01,2029-12-28,83,98,19,1.0,83.0,1
B2B-188BC5A2,NAVA,NAVA-01,2029-12-28,3,2,1,1135.0,3405.0,0
B2B-18C515D1,NAVA,NAVA-01,2029-12-28,13,11,2,7.5,97.5,0
B2B-18C515D1,OBRE,OBRE-01,2029-12-28,8,10,2,7.5,60.0,1
B2B-19107219,OBRE,OBRE-01,2029-12-28,3,5,1,95.0,285.0,1
B2B-1972A9E4,NAVA,NAVA-01,2029-12-28,13,15,4,5.0,65.0,1
B2B-19824648,NAVA,NAVA-01,2029-12-28,23,16,6,37.0,851.0,0
B2B-19824648,OBRE,OBRE-01,2029-12-28,11,7,2,37.0,407.0,0
B2B-1A99AF72,NAVA,NAVA-01,2029-12-28,10,7,2,16.0,160.0,0
B2B-1AFEC9F3,OBRE,OBRE-01,2029-12-28,21,13,3,26.5,556.5,0
B2B-1B16B6A1,NAVA,NAVA-01,2029-12-28,15,14,6,45.0,675.0,0
B2B-1B29E2D8,NAVA,NAVA-01,2029-12-28,13,12,5,51.0,663.0,0
B2B-1B6E9894,NAVA,NAVA-01,2029-12-28,12,22,7,8.0,96.0,1
B2B-1BC9D6A5,NAVA,NAVA-01,2029-12-28,3,9,2,19.0,57.0,1
B2B-1BF419CE,NAVA,NAVA-01,2029-12-28,2,4,1,40.0,80.0,1
B2B-1BF419CE,OBRE,OBRE-01,2029-12-28,12,16,4,40.0,480.0,1
B2B-1C4F216C,NAVA,NAVA-01,2029-12-28,18,22,9,14.0,252.0,1
B2B-1C50B0B6,NAVA,NAVA-01,2029-12-28,6,12,2,1.0,6.0,1
B2B-1C50B0B6,OBRE,OBRE-01,2029-12-28,36,22,6,1.0,36.0,0
B2B-1C51C78A,OBRE,OBRE-01,2029-12-28,5,4,1,619.0,3095.0,0
B2B-1D93FCD8,NAVA,NAVA-01,2029-12-28,2,3,2,7143.0,14286.0,1
B2B-1DBA4393,OBRE,OBRE-01,2029-12-28,10,9,3,7.0,70.0,0
B2B-1DE3A766,OBRE,OBRE-01,2029-12-28,22,14,3,24.0,528.0,0
B2B-1DEDF284,NAVA,NAVA-01,2029-12-28,29,21,9,20.5,594.5,0
B2B-1EA21CFA,OBRE,OBRE-01,2029-12-28,3,5,1,384.0,1152.0,1
B2B-1EC461E1,NAVA,NAVA-01,2029-12-28,19,12,1,72.0,1368.0,0
B2B-1EC461E1,OBRE,OBRE-01,2029-12-28,54,127,19,72.0,3888.0,1
B2B-1F2F865F,OBRE,OBRE-01,2029-12-28,5,3,1,319.0,1595.0,0
B2B-1F536C46,NAVA,NAVA-01,2029-12-28,19,14,6,34.0,646.0,0
B2B-1FDD5AD2,NAVA,NAVA-01,2029-12-28,27,16,3,1.0,27.0,0
B2B-1FDD5AD2,OBRE,OBRE-01,2029-12-28,95,60,12,1.0,95.0,0
B2B-206973A6,NAVA,NAVA-01,2029-12-28,6,4,1,39.0,234.0,0
B2B-2114DFC1,NAVA,NAVA-01,2029-12-28,3,5,2,21.0,63.0,1
B2B-22D8CF65,NAVA,NAVA-01,2029-12-28,1,3,1,31.0,31.0,1
B2B-22D8CF65,OBRE,OBRE-01,2029-12-28,5,4,1,31.0,155.0,0
B2B-23F36FE3,OBRE,OBRE-01,2029-12-28,5,6,2,19.0,95.0,1
B2B-2475817F,NAVA,NAVA-01,2029-12-28,3,3,1,196.0,588.0,0
B2B-2475817F,OBRE,OBRE-01,2029-12-28,8,6,2,196.0,1568.0,0
B2B-24C357C9,NAVA,NAVA-01,2029-12-28,6,4,1,256.0,1536.0,0
B2B-24C357C9,OBRE,OBRE-01,2029-12-28,2,5,2,256.0,512.0,1
B2B-24D0030F,NAVA,NAVA-01,2029-12-28,41,25,6,3.0,123.0,0
B2B-24D0030F,OBRE,OBRE-01,2029-12-28,5,12,3,3.0,15.0,1
B2B-253A658B,NAVA,NAVA-01,2029-12-28,10,12,4,30.0,300.0,1
B2B-2582DD16,NAVA,NAVA-01,2029-12-28,3,6,1,141.0,423.0,1
B2B-2582DD16,OBRE,OBRE-01,2029-12-28,7,9,2,141.0,987.0,1
B2B-259F02BD,NAVA,NAVA-01,2029-12-28,18,34,12,4.0,72.0,1
B2B-25BE7340,NAVA,NAVA-01,2029-12-28,5,4,1,234.0,1170.0,0
B2B-25BE7340,OBRE,OBRE-01,2029-12-28,4,3,1,234.0,936.0,0
B2B-25C42D53,NAVA,NAVA-01,2029-12-28,4,4,2,899.5,3598.0,0
B2B-25C42D53,OBRE,OBRE-01,2029-12-28,2,2,1,899.5,1799.0,0
B2B-25DE09FB,OBRE,OBRE-01,2029-12-28,2,4,1,350.0,700.0,1
B2B-25F67750,NAVA,NAVA-01,2029-12-28,2,3,1,1150.0,2300.0,1
B2B-2652ACBF,NAVA,NAVA-01,2029-12-28,11,19,8,72.0,792.0,1
B2B-26A01ECD,NAVA,NAVA-01,2029-12-28,5,10,3,43.0,215.0,1
B2B-26F7A0A5,OBRE,OBRE-01,2029-12-28,3,3,1,260.0,780.0,0
B2B-278D7730,OBRE,OBRE-01,2029-12-28,49,30,4,49.0,2401.0,0
B2B-27D8553C,OBRE,OBRE-01,2029-12-28,9,15,3,81.0,729.0,1
B2B-282422D6,OBRE,OBRE-01,2029-12-28,4,3,1,652.0,2608.0,0
B2B-28D8F809,NAVA,NAVA-01,2029-12-28,6,4,1,527.0,3162.0,0
B2B-28D8F809,OBRE,OBRE-01,2029-12-28,5,5,1,527.0,2635.0,0
B2B-291AA5BF,NAVA,NAVA-01,2029-12-28,4,4,1,198.0,792.0,0
B2B-291AA5BF,OBRE,OBRE-01,2029-12-28,7,4,1,198.0,1386.0,0
B2B-292C9EF8,OBRE,OBRE-01,2029-12-28,3,2,1,3617.0,10851.0,0
B2B-298BFCBA,NAVA,NAVA-01,2029-12-28,2,4,2,174.0,348.0,1
B2B-29C7B436,NAVA,NAVA-01,2029-12-28,5,5,2,278.0,1390.0,0
B2B-2A60287F,OBRE,OBRE-01,2029-12-28,10,17,4,19.0,190.0,1
B2B-2A974E84,OBRE,OBRE-01,2029-12-28,6,11,3,11.5,69.0,1
B2B-2AF3C44F,NAVA,NAVA-01,2029-12-28,8,13,2,14.0,112.0,1
B2B-2AF3C44F,OBRE,OBRE-01,2029-12-28,25,32,6,14.0,350.0,1
B2B-2B7366FA,NAVA,NAVA-01,2029-12-28,8,5,2,302.0,2416.0,0
B2B-2B74262C,OBRE,OBRE-01,2029-12-28,3,5,1,46.0,138.0,1
B2B-2C274F12,NAVA,NAVA-01,2029-12-28,1,2,1,896.0,896.0,1
B2B-2C274F12,OBRE,OBRE-01,2029-12-28,1,2,1,896.0,896.0,1
B2B-2C668EF8,NAVA,NAVA-01,2029-12-28,2,3,1,1473.0,2946.0,1
B2B-2C668EF8,OBRE,OBRE-01,2029-12-28,5,4,1,1473.0,7365.0,0
B2B-2C7B4BFB,NAVA,NAVA-01,2029-12-28,6,8,4,434.0,2604.0,1
B2B-2D3421AE,NAVA,NAVA-01,2029-12-28,4,7,3,87.0,348.0,1
B2B-2D3421AE,OBRE,OBRE-01,2029-12-28,2,2,1,87.0,174.0,0
B2B-2D5004B4,NAVA,NAVA-01,2029-12-28,4,8,3,43.0,172.0,1
B2B-2D6CE968,NAVA,NAVA-01,2029-12-28,9,6,2,25.0,225.0,0
B2B-2DB1DEB4,NAVA,NAVA-01,2029-12-28,4,3,1,202.0,808.0,0
B2B-2DB1DEB4,OBRE,OBRE-01,2029-12-28,6,5,2,202.0,1212.0,0
B2B-2DBBCF0E,NAVA,NAVA-01,2029-12-28,2,4,1,214.0,428.0,1
B2B-2DC805BB,NAVA,NAVA-01,2029-12-28,12,10,3,5.0,60.0,0
B2B-2DC805BB,OBRE,OBRE-01,2029-12-28,3,7,2,5.0,15.0,1
B2B-2E230974,OBRE,OBRE-01,2029-12-28,6,4,1,422.0,2532.0,0
B2B-2E302679,NAVA,NAVA-01,2029-12-28,14,11,2,4.0,56.0,0
B2B-2E302679,OBRE,OBRE-01,2029-12-28,10,28,6,4.0,40.0,1
B2B-2E55A0E2,NAVA,NAVA-01,2029-12-28,5,4,1,98.0,490.0,0
B2B-2E55A0E2,OBRE,OBRE-01,2029-12-28,2,2,1,98.0,196.0,0
B2B-2EF0C560,OBRE,OBRE-01,2029-12-28,2,2,1,248.0,496.0,0
B2B-300A5037,NAVA,NAVA-01,2029-12-28,2,3,1,351.0,702.0,1
B2B-300A5037,OBRE,OBRE-01,2029-12-28,2,3,1,351.0,702.0,1
B2B-300D55DD,NAVA,NAVA-01,2029-12-28,23,15,5,10.0,230.0,0
B2B-3035CEDE,NAVA,NAVA-01,2029-12-28,13,11,1,16.0,208.0,0
B2B-3035CEDE,OBRE,OBRE-01,2029-12-28,63,38,6,16.0,1008.0,0
B2B-30440C1B,OBRE,OBRE-01,2029-12-28,5,4,1,63.0,315.0,0
B2B-31437C68,NAVA,NAVA-01,2029-12-28,31,19,7,15.0,465.0,0
B2B-31B48C59,OBRE,OBRE-01,2029-12-28,6,6,1,297.0,1782.0,0
B2B-31DFDD86,NAVA,NAVA-01,2029-12-28,15,37,9,16.0,240.0,1
B2B-31DFDD86,OBRE,OBRE-01,2029-12-28,81,72,9,16.0,1296.0,0
B2B-31ECC143,NAVA,NAVA-01,2029-12-28,6,8,3,52.0,312.0,1
B2B-31ED8A8A,NAVA,NAVA-01,2029-12-28,3,2,1,2552.0,7656.0,0
B2B-31ED8A8A,OBRE,OBRE-01,2029-12-28,5,3,1,2552.0,12760.0,0
B2B-32014988,OBRE,OBRE-01,2029-12-28,5,8,2,38.0,190.0,1
B2B-322BC141,NAVA,NAVA-01,2029-12-28,14,11,3,11.0,154.0,0
B2B-322BC141,OBRE,OBRE-01,2029-12-28,6,12,2,11.0,66.0,1
B2B-3268AEEF,NAVA,NAVA-01,2029-12-28,21,15,5,55.0,1155.0,0
B2B-3268AEEF,OBRE,OBRE-01,2029-12-28,13,21,3,55.0,715.0,1
B2B-32844696,OBRE,OBRE-01,2029-12-28,12,12,2,53.5,642.0,0
B2B-32F6CBEA,NAVA,NAVA-01,2029-12-28,3,3,1,919.0,2757.0,0
B2B-32F6CBEA,OBRE,OBRE-01,2029-12-28,2,1,1,919.0,1838.0,0
B2B-32F8EB3B,OBRE,OBRE-01,2029-12-28,3,4,1,179.5,538.5,1
B2B-33166200,NAVA,NAVA-01,2029-12-28,12,12,3,3.0,36.0,0
B2B-33166200,OBRE,OBRE-01,2029-12-28,16,10,3,3.0,48.0,0
B2B-33406034,NAVA,NAVA-01,2029-12-28,18,20,5,3.0,54.0,1
B2B-33CD1137,NAVA,NAVA-01,2029-12-28,7,11,2,20.0,140.0,1
B2B-33CD1137,OBRE,OBRE-01,2029-12-28,18,19,3,20.0,360.0,1
B2B-340ED9DD,NAVA,NAVA-01,2029-12-28,5,7,2,44.0,220.0,1
B2B-340ED9DD,OBRE,OBRE-01,2029-12-28,5,7,1,44.0,220.0,1
B2B-34946AC4,NAVA,NAVA-01,2029-12-28,14,15,6,48.0,672.0,1
B2B-35004849,OBRE,OBRE-01,2029-12-28,2,2,1,2579.5,5159.0,0
B2B-35268622,OBRE,OBRE-01,2029-12-28,30,17,3,23.0,690.0,0
B2B-35A8EE8F,NAVA,NAVA-01,2029-12-28,13,28,6,14.0,182.0,1
B2B-35A8EE8F,OBRE,OBRE-01,2029-12-28,51,44,7,14.0,714.0,0
B2B-35D8C78F,NAVA,NAVA-01,2029-12-28,6,6,2,80.0,480.0,0
B2B-35F1E9F3,OBRE,OBRE-01,2029-12-28,1,2,1,4250.0,4250.0,1
B2B-3611FBEA,NAVA,NAVA-01,2029-12-28,14,18,4,3.0,42.0,1
B2B-3611FBEA,OBRE,OBRE-01,2029-12-28,54,38,9,3.0,162.0,0
B2B-368C647F,OBRE,OBRE-01,2029-12-28,9,5,2,200.0,1800.0,0
B2B-376D8078,NAVA,NAVA-01,2029-12-28,2,2,1,480.0,960.0,0
B2B-376D8078,OBRE,OBRE-01,2029-12-28,3,2,1,480.0,1440.0,0
B2B-37A67579,OBRE,OBRE-01,2029-12-28,2,1,1,9141.0,18282.0,0
B2B-381E97F9,OBRE,OBRE-01,2029-12-28,5,3,1,462.0,2310.0,0
B2B-392D5F2B,OBRE,OBRE-01,2029-12-28,3,4,1,288.0,864.0,1
B2B-3955B656,NAVA,NAVA-01,2029-12-28,6,6,2,138.0,828.0,0
B2B-39736DC1,NAVA,NAVA-01,2029-12-28,17,10,3,22.0,374.0,0
B2B-39E815CE,NAVA,NAVA-01,2029-12-28,5,3,1,105.5,527.5,0
B2B-39E815CE,OBRE,OBRE-01,2029-12-28,4,3,1,105.5,422.0,0
B2B-3A1BBB38,NAVA,NAVA-01,2029-12-28,25,26,9,2.0,50.0,1
B2B-3A7BE5BE,NAVA,NAVA-01,2029-12-28,4,9,3,27.0,108.0,1
B2B-3ADCAEE1,NAVA,NAVA-01,2029-12-28,29,36,4,1.0,29.0,1
B2B-3ADCAEE1,OBRE,OBRE-01,2029-12-28,157,93,14,1.0,157.0,0
B2B-3AF021E7,OBRE,OBRE-01,2029-12-28,26,18,5,13.0,338.0,0
B2B-3B04AEC3,NAVA,NAVA-01,2029-12-28,1,2,1,303.0,303.0,1
B2B-3B04AEC3,OBRE,OBRE-01,2029-12-28,4,4,1,303.0,1212.0,0
B2B-3B0B4D69,NAVA,NAVA-01,2029-12-28,10,6,2,39.0,390.0,0
B2B-3B87A90B,OBRE,OBRE-01,2029-12-28,2,4,2,619.0,1238.0,1
B2B-3B967590,NAVA,NAVA-01,2029-12-28,1,1,1,1581.0,1581.0,0
B2B-3B967590,OBRE,OBRE-01,2029-12-28,1,2,1,1581.0,1581.0,1
B2B-3B99A789,OBRE,OBRE-01,2029-12-28,16,12,4,22.0,352.0,0
B2B-3BE52C4E,NAVA,NAVA-01,2029-12-28,2,2,1,745.0,1490.0,0
B2B-3BE52C4E,OBRE,OBRE-01,2029-12-28,3,3,1,745.0,2235.0,0
B2B-3C37E0A7,OBRE,OBRE-01,2029-12-28,12,11,2,62.0,744.0,0
B2B-3C3A31AD,OBRE,OBRE-01,2029-12-28,6,4,1,383.0,2298.0,0
B2B-3C70A88B,NAVA,NAVA-01,2029-12-28,1,1,1,10887.0,10887.0,0
B2B-3C78A64F,NAVA,NAVA-01,2029-12-28,5,6,2,84.0,420.0,1
B2B-3CE77B12,OBRE,OBRE-01,2029-12-28,27,20,5,10.0,270.0,0
B2B-3D1F4808,NAVA,NAVA-01,2029-12-28,9,18,6,11.0,99.0,1
B2B-3D285BAB,OBRE,OBRE-01,2029-12-28,18,14,2,58.0,1044.0,0
B2B-3ECB9008,NAVA,NAVA-01,2029-12-28,2,2,1,763.0,1526.0,0
B2B-3ECB9008,OBRE,OBRE-01,2029-12-28,0,1,1,763.0,0.0,1
B2B-3EE6799E,NAVA,NAVA-01,2029-12-28,14,9,3,75.0,1050.0,0
B2B-3F23B0C1,NAVA,NAVA-01,2029-12-28,28,26,6,6.0,168.0,0
B2B-3F23B0C1,OBRE,OBRE-01,2029-12-28,55,34,8,6.0,330.0,0
B2B-3F3973A4,NAVA,NAVA-01,2029-12-28,6,12,5,38.0,228.0,1
B2B-3F3973A4,OBRE,OBRE-01,2029-12-28,4,4,1,38.0,152.0,0
B2B-3F72B874,NAVA,NAVA-01,2029-12-28,12,14,4,27.0,324.0,1
B2B-3F72B874,OBRE,OBRE-01,2029-12-28,6,5,1,27.0,162.0,0
B2B-3F7DB904,OBRE,OBRE-01,2029-12-28,8,13,3,26.0,208.0,1
B2B-3FC0E5B1,NAVA,NAVA-01,2029-12-28,22,15,4,2.0,44.0,0
B2B-3FC0E5B1,OBRE,OBRE-01,2029-12-28,13,12,3,2.0,26.0,0
B2B-40505780,NAVA,NAVA-01,2029-12-28,16,20,7,4.0,64.0,1
B2B-40CED9B2,NAVA,NAVA-01,2029-12-28,10,6,2,112.0,1120.0,0
B2B-4100CC04,NAVA,NAVA-01,2029-12-28,2,2,1,633.0,1266.0,0
B2B-4100CC04,OBRE,OBRE-01,2029-12-28,2,2,1,633.0,1266.0,0
B2B-410C7C12,NAVA,NAVA-01,2029-12-28,1,2,1,576.0,576.0,1
B2B-410C7C12,OBRE,OBRE-01,2029-12-28,1,2,1,576.0,576.0,1
B2B-411D357F,OBRE,OBRE-01,2029-12-28,10,11,3,108.0,1080.0,1
B2B-4142FA05,NAVA,NAVA-01,2029-12-28,43,26,11,17.0,731.0,0
B2B-417AB46C,NAVA,NAVA-01,2029-12-28,3,2,1,39.0,117.0,0
B2B-417AB46C,OBRE,OBRE-01,2029-12-28,5,3,1,39.0,195.0,0
B2B-42098A0D,NAVA,NAVA-01,2029-12-28,3,2,1,938.5,2815.5,0
B2B-42098A0D,OBRE,OBRE-01,2029-12-28,4,3,1,938.5,3754.0,0
B2B-426C7CF0,NAVA,NAVA-01,2029-12-28,5,5,2,263.0,1315.0,0
B2B-42897AE3,NAVA,NAVA-01,2029-12-28,4,3,1,225.0,900.0,0
B2B-4293D2AE,NAVA,NAVA-01,2029-12-28,3,2,1,40.0,120.0,0
B2B-4293D2AE,OBRE,OBRE-01,2029-12-28,6,4,1,40.0,240.0,0
B2B-430460BE,OBRE,OBRE-01,2029-12-28,11,22,5,9.0,99.0,1
B2B-43339D86,NAVA,NAVA-01,2029-12-28,8,16,8,79.0,632.0,1
B2B-433F8CF6,NAVA,NAVA-01,2029-12-28,7,7,2,38.0,266.0,0
B2B-433F8CF6,OBRE,OBRE-01,2029-12-28,24,16,3,38.0,912.0,0
B2B-436C48C9,OBRE,OBRE-01,2029-12-28,4,7,2,138.0,552.0,1
B2B-43C93C0C,NAVA,NAVA-01,2029-12-28,14,9,1,119.0,1666.0,0
B2B-43C93C0C,OBRE,OBRE-01,2029-12-28,9,13,3,119.0,1071.0,1
B2B-44181DD5,NAVA,NAVA-01,2029-12-28,7,16,4,23.0,161.0,1
B2B-44181DD5,OBRE,OBRE-01,2029-12-28,35,30,9,23.0,805.0,0
B2B-441FD0A5,NAVA,NAVA-01,2029-12-28,6,6,1,74.0,444.0,0
B2B-441FD0A5,OBRE,OBRE-01,2029-12-28,9,10,2,74.0,666.0,1
B2B-44FEED02,OBRE,OBRE-01,2029-12-28,3,6,1,561.0,1683.0,1
B2B-45042E33,NAVA,NAVA-01,2029-12-28,20,18,6,11.0,220.0,0
B2B-452A3DF7,NAVA,NAVA-01,2029-12-28,5,3,1,80.5,402.5,0
B2B-452A3DF7,OBRE,OBRE-01,2029-12-28,6,6,2,80.5,483.0,0
B2B-45558E95,NAVA,NAVA-01,2029-12-28,22,13,2,43.0,946.0,0
B2B-45558E95,OBRE,OBRE-01,2029-12-28,45,29,8,43.0,1935.0,0
B2B-4556DA95,NAVA,NAVA-01,2029-12-28,18,18,6,50.5,909.0,0
B2B-4556DA95,OBRE,OBRE-01,2029-12-28,13,10,2,50.5,656.5,0
B2B-455B3B76,NAVA,NAVA-01,2029-12-28,12,10,4,70.0,840.0,0
B2B-45B8A6F6,NAVA,NAVA-01,2029-12-28,3,5,1,38.0,114.0,1
B2B-45B8A6F6,OBRE,OBRE-01,2029-12-28,6,7,2,38.0,228.0,1
B2B-45BB978B,OBRE,OBRE-01,2029-12-28,2,2,1,1218.0,2436.0,0
B2B-46502E03,OBRE,OBRE-01,2029-12-28,5,12,2,250.0,1250.0,1
B2B-4723F389,NAVA,NAVA-01,2029-12-28,3,8,3,52.0,156.0,1
B2B-47363D01,OBRE,OBRE-01,2029-12-28,7,4,1,1476.0,10332.0,0
B2B-47559277,NAVA,NAVA-01,2029-12-28,54,31,12,9.0,486.0,0
B2B-47A6976D,NAVA,NAVA-01,2029-12-28,7,11,3,16.0,112.0,1
B2B-4830685F,NAVA,NAVA-01,2029-12-28,8,6,2,99.0,792.0,0
B2B-4892A1C9,NAVA,NAVA-01,2029-12-28,19,17,5,2.0,38.0,0
B2B-4892A1C9,OBRE,OBRE-01,2029-12-28,9,7,2,2.0,18.0,0
B2B-48DB5CF5,NAVA,NAVA-01,2029-12-28,6,5,1,143.0,858.0,0
B2B-48DB5CF5,OBRE,OBRE-01,2029-12-28,6,4,1,143.0,858.0,0
B2B-4902CB4F,NAVA,NAVA-01,2029-12-28,1,2,1,537.0,537.0,1
B2B-49234388,NAVA,NAVA-01,2029-12-28,2,2,1,96.0,192.0,0
B2B-49234388,OBRE,OBRE-01,2029-12-28,9,6,2,96.0,864.0,0
B2B-492ECBD6,OBRE,OBRE-01,2029-12-28,2,3,1,333.0,666.0,1
B2B-498814A9,NAVA,NAVA-01,2029-12-28,11,7,2,22.0,242.0,0
B2B-498814A9,OBRE,OBRE-01,2029-12-28,3,7,2,22.0,66.0,1
B2B-499D44F5,NAVA,NAVA-01,2029-12-28,2,6,1,9.0,18.0,1
B2B-499D44F5,OBRE,OBRE-01,2029-12-28,10,15,4,9.0,90.0,1
B2B-49D0FAF4,NAVA,NAVA-01,2029-12-28,8,7,2,41.0,328.0,0
B2B-4A184D34,NAVA,NAVA-01,2029-12-28,5,7,2,40.0,200.0,1
B2B-4A184D34,OBRE,OBRE-01,2029-12-28,4,8,2,40.0,160.0,1
B2B-4A2CE0ED,OBRE,OBRE-01,2029-12-28,12,7,2,40.0,480.0,0
B2B-4A3431AF,NAVA,NAVA-01,2029-12-28,2,2,1,173.0,346.0,0
B2B-4A3431AF,OBRE,OBRE-01,2029-12-28,1,3,1,173.0,173.0,1
B2B-4A72795B,OBRE,OBRE-01,2029-12-28,4,3,1,209.5,838.0,0
B2B-4A80ACE9,NAVA,NAVA-01,2029-12-28,10,12,4,11.0,110.0,1
B2B-4AA7544F,NAVA,NAVA-01,2029-12-28,9,10,3,33.0,297.0,1
B2B-4AA7544F,OBRE,OBRE-01,2029-12-28,7,5,1,33.0,231.0,0
B2B-4AAE9058,NAVA,NAVA-01,2029-12-28,29,20,6,1.0,29.0,0
B2B-4AAE9058,OBRE,OBRE-01,2029-12-28,8,13,3,1.0,8.0,1
B2B-4AFE4D1D,NAVA,NAVA-01,2029-12-28,11,9,2,15.0,165.0,0
B2B-4AFE4D1D,OBRE,OBRE-01,2029-12-28,33,19,3,15.0,495.0,0
B2B-4AFED08F,NAVA,NAVA-01,2029-12-28,20,30,4,1.0,20.0,1
B2B-4AFED08F,OBRE,OBRE-01,2029-12-28,13,29,6,1.0,13.0,1
B2B-4B21CCDC,NAVA,NAVA-01,2029-12-28,2,2,1,1856.0,3712.0,0
B2B-4B21CCDC,OBRE,OBRE-01,2029-12-28,3,3,1,1856.0,5568.0,0
B2B-4B22F204,NAVA,NAVA-01,2029-12-28,6,12,3,20.0,120.0,1
B2B-4B22F204,OBRE,OBRE-01,2029-12-28,6,8,2,20.0,120.0,1
B2B-4B9F55A2,OBRE,OBRE-01,2029-12-28,5,6,1,584.0,2920.0,1
B2B-4C50719D,NAVA,NAVA-01,2029-12-28,21,18,5,24.0,504.0,0
B2B-4C50719D,OBRE,OBRE-01,2029-12-28,24,16,3,24.0,576.0,0
B2B-4C7629DA,NAVA,NAVA-01,2029-12-28,1,1,1,2617.0,2617.0,0
B2B-4C7629DA,OBRE,OBRE-01,2029-12-28,2,1,1,2617.0,5234.0,0
B2B-4CBD402C,NAVA,NAVA-01,2029-12-28,2,2,1,778.5,1557.0,0
B2B-4CBD402C,OBRE,OBRE-01,2029-12-28,1,2,1,778.5,778.5,1
B2B-4CFCA4E7,NAVA,NAVA-01,2029-12-28,6,9,2,37.0,222.0,1
B2B-4CFCA4E7,OBRE,OBRE-01,2029-12-28,33,22,3,37.0,1221.0,0
B2B-4D04368F,NAVA,NAVA-01,2029-12-28,10,9,2,34.0,340.0,0
B2B-4D04368F,OBRE,OBRE-01,2029-12-28,9,18,4,34.0,306.0,1
B2B-4D5F5A6B,OBRE,OBRE-01,2029-12-28,3,4,1,443.0,1329.0,1
B2B-4E316E20,OBRE,OBRE-01,2029-12-28,9,18,3,263.0,2367.0,1
B2B-4E40FFE0,NAVA,NAVA-01,2029-12-28,8,6,2,46.0,368.0,0
B2B-4E56653A,OBRE,OBRE-01,2029-12-28,1,2,1,6368.0,6368.0,1
B2B-4EB8E1FA,NAVA,NAVA-01,2029-12-28,10,7,2,30.0,300.0,0
B2B-4EB8E1FA,OBRE,OBRE-01,2029-12-28,12,8,2,30.0,360.0,0
B2B-4F26750A,OBRE,OBRE-01,2029-12-28,6,4,1,806.0,4836.0,0
B2B-4F9158D6,NAVA,NAVA-01,2029-12-28,7,5,2,225.5,1578.5,0
B2B-4F9158D6,OBRE,OBRE-01,2029-12-28,3,4,1,225.5,676.5,1
B2B-4F976EE2,NAVA,NAVA-01,2029-12-28,14,9,3,22.0,308.0,0
B2B-4FC5BBFA,NAVA,NAVA-01,2029-12-28,11,10,3,316.0,3476.0,0
B2B-4FC5BBFA,OBRE,OBRE-01,2029-12-28,8,10,2,316.0,2528.0,1
B2B-4FC72CD1,OBRE,OBRE-01,2029-12-28,5,4,1,123.0,615.0,0
B2B-5002E9A3,NAVA,NAVA-01,2029-12-28,14,10,4,54.0,756.0,0
B2B-5002E9A3,OBRE,OBRE-01,2029-12-28,5,3,1,54.0,270.0,0
B2B-50160261,NAVA,NAVA-01,2029-12-28,4,3,1,867.0,3468.0,0
B2B-50167218,OBRE,OBRE-01,2029-12-28,10,7,2,27.0,270.0,0
B2B-50C8A2FE,NAVA,NAVA-01,2029-12-28,5,4,1,22.5,112.5,0
B2B-50C8A2FE,OBRE,OBRE-01,2029-12-28,3,4,1,22.5,67.5,1
B2B-512AFA6A,NAVA,NAVA-01,2029-12-28,3,6,2,27.0,81.0,1
B2B-512AFA6A,OBRE,OBRE-01,2029-12-28,3,3,1,27.0,81.0,0
B2B-513FA697,NAVA,NAVA-01,2029-12-28,47,32,12,7.0,329.0,0
B2B-51515109,NAVA,NAVA-01,2029-12-28,22,13,6,68.0,1496.0,0
B2B-51A24FC7,NAVA,NAVA-01,2029-12-28,3,7,1,35.0,105.0,1
B2B-51A24FC7,OBRE,OBRE-01,2029-12-28,26,20,3,35.0,910.0,0
B2B-52124577,NAVA,NAVA-01,2029-12-28,2,2,1,622.5,1245.0,0
B2B-5292BB69,NAVA,NAVA-01,2029-12-28,19,19,7,13.5,256.5,0
B2B-529E8670,OBRE,OBRE-01,2029-12-28,5,4,1,262.0,1310.0,0
B2B-52D3C1AF,NAVA,NAVA-01,2029-12-28,10,19,6,5.0,50.0,1
B2B-5304017D,NAVA,NAVA-01,2029-12-28,4,10,4,13.0,52.0,1
B2B-536E9E44,NAVA,NAVA-01,2029-12-28,6,9,2,114.0,684.0,1
B2B-536E9E44,OBRE,OBRE-01,2029-12-28,10,6,1,114.0,1140.0,0
B2B-53ADD74B,NAVA,NAVA-01,2029-12-28,3,7,3,54.0,162.0,1
B2B-53AEBFBA,NAVA,NAVA-01,2029-12-28,10,10,2,13.0,130.0,0
B2B-53AEBFBA,OBRE,OBRE-01,2029-12-28,25,20,4,13.0,325.0,0
B2B-5416358B,NAVA,NAVA-01,2029-12-28,29,22,6,20.0,580.0,0
B2B-5416358B,OBRE,OBRE-01,2029-12-28,15,14,3,20.0,300.0,0
B2B-5492692B,NAVA,NAVA-01,2029-12-28,15,12,5,61.0,915.0,0
B2B-55059136,NAVA,NAVA-01,2029-12-28,9,12,5,83.0,747.0,1
B2B-55059136,OBRE,OBRE-01,2029-12-28,9,6,2,83.0,747.0,0
B2B-55241C74,OBRE,OBRE-01,2029-12-28,7,12,3,30.0,210.0,1
B2B-5586A63A,NAVA,NAVA-01,2029-12-28,15,14,6,74.0,1110.0,0
B2B-55993977,NAVA,NAVA-01,2029-12-28,13,11,4,21.0,273.0,0
B2B-5653B1D4,NAVA,NAVA-01,2029-12-28,3,3,1,8464.0,25392.0,0
B2B-5671BD0A,NAVA,NAVA-01,2029-12-28,0,1,1,1942.0,0.0,1
B2B-5671BD0A,OBRE,OBRE-01,2029-12-28,1,1,1,1942.0,1942.0,0
B2B-56AB256E,NAVA,NAVA-01,2029-12-28,3,2,1,107.5,322.5,0
B2B-56AB256E,OBRE,OBRE-01,2029-12-28,1,3,1,107.5,107.5,1
B2B-56DF157C,NAVA,NAVA-01,2029-12-28,21,22,5,2.0,42.0,1
B2B-56DF157C,OBRE,OBRE-01,2029-12-28,25,37,7,2.0,50.0,1
B2B-574206A9,NAVA,NAVA-01,2029-12-28,5,4,1,248.0,1240.0,0
B2B-574206A9,OBRE,OBRE-01,2029-12-28,2,1,1,248.0,496.0,0
B2B-57518D0F,NAVA,NAVA-01,2029-12-28,3,2,1,1221.5,3664.5,0
B2B-57518D0F,OBRE,OBRE-01,2029-12-28,3,2,1,1221.5,3664.5,0
B2B-57674178,NAVA,NAVA-01,2029-12-28,5,4,1,143.0,715.0,0
B2B-57674178,OBRE,OBRE-01,2029-12-28,5,10,2,143.0,715.0,1
B2B-576825E5,OBRE,OBRE-01,2029-12-28,6,8,3,47.0,282.0,1
B2B-5808D846,OBRE,OBRE-01,2029-12-28,8,5,1,155.0,1240.0,0
B2B-588968E5,NAVA,NAVA-01,2029-12-28,7,10,4,22.0,154.0,1
B2B-588968E5,OBRE,OBRE-01,2029-12-28,3,3,1,22.0,66.0,0
B2B-58A74AFC,NAVA,NAVA-01,2029-12-28,20,25,8,5.0,100.0,1
B2B-58B1BFE0,NAVA,NAVA-01,2029-12-28,29,17,6,53.5,1551.5,0
B2B-58B21ADB,NAVA,NAVA-01,2029-12-28,2,1,1,915.0,1830.0,0
B2B-58B21ADB,OBRE,OBRE-01,2029-12-28,5,3,1,915.0,4575.0,0
B2B-58DF4920,NAVA,NAVA-01,2029-12-28,4,5,1,41.0,164.0,1
B2B-58DF4920,OBRE,OBRE-01,2029-12-28,9,17,3,41.0,369.0,1
B2B-5932C58C,NAVA,NAVA-01,2029-12-28,11,7,1,32.0,352.0,0
B2B-5932C58C,OBRE,OBRE-01,2029-12-28,16,12,2,32.0,512.0,0
B2B-595AE33B,NAVA,NAVA-01,2029-12-28,4,6,1,87.0,348.0,1
B2B-595AE33B,OBRE,OBRE-01,2029-12-28,7,5,1,87.0,609.0,0
B2B-59640EEF,OBRE,OBRE-01,2029-12-28,16,12,3,10.0,160.0,0
B2B-599B7967,NAVA,NAVA-01,2029-12-28,6,18,9,49.0,294.0,1
B2B-59AF0286,NAVA,NAVA-01,2029-12-28,6,12,3,5.0,30.0,1
B2B-59AF0286,OBRE,OBRE-01,2029-12-28,12,32,13,5.0,60.0,1
B2B-59B4522E,NAVA,NAVA-01,2029-12-28,5,9,2,241.5,1207.5,1
B2B-59B4522E,OBRE,OBRE-01,2029-12-28,5,10,3,241.5,1207.5,1
B2B-59BEB417,NAVA,NAVA-01,2029-12-28,9,7,2,45.0,405.0,0
B2B-5A066E11,NAVA,NAVA-01,2029-12-28,80,63,17,4.0,320.0,0
B2B-5A066E11,OBRE,OBRE-01,2029-12-28,140,101,15,4.0,560.0,0
B2B-5A52EC44,NAVA,NAVA-01,2029-12-28,5,3,1,2245.0,11225.0,0
B2B-5A52EC44,OBRE,OBRE-01,2029-12-28,2,3,1,2245.0,4490.0,1
B2B-5A8C95BA,NAVA,NAVA-01,2029-12-28,9,6,2,419.0,3771.0,0
B2B-5AA3976E,NAVA,NAVA-01,2029-12-28,8,7,2,91.0,728.0,0
B2B-5AF5C3C6,NAVA,NAVA-01,2029-12-28,11,9,2,8.0,88.0,0
B2B-5AF5C3C6,OBRE,OBRE-01,2029-12-28,7,7,2,8.0,56.0,0
B2B-5B018433,OBRE,OBRE-01,2029-12-28,5,6,2,431.5,2157.5,1
B2B-5B101B3D,NAVA,NAVA-01,2029-12-28,19,26,9,1.0,19.0,1
B2B-5B3B7057,NAVA,NAVA-01,2029-12-28,20,17,6,22.0,440.0,0
B2B-5B481946,NAVA,NAVA-01,2029-12-28,1,2,1,980.0,980.0,1
B2B-5B481946,OBRE,OBRE-01,2029-12-28,2,2,1,980.0,1960.0,0
B2B-5BC556C6,OBRE,OBRE-01,2029-12-28,13,24,5,12.5,162.5,1
B2B-5C185880,NAVA,NAVA-01,2029-12-28,8,7,2,26.0,208.0,0
B2B-5C185880,OBRE,OBRE-01,2029-12-28,12,9,2,26.0,312.0,0
B2B-5C23004B,OBRE,OBRE-01,2029-12-28,58,33,7,7.0,406.0,0
B2B-5C5A758C,NAVA,NAVA-01,2029-12-28,15,17,3,23.0,345.0,1
B2B-5C5A758C,OBRE,OBRE-01,2029-12-28,9,21,3,23.0,207.0,1
B2B-5CE18479,OBRE,OBRE-01,2029-12-28,3,3,1,297.0,891.0,0
B2B-5DF47B5D,NAVA,NAVA-01,2029-12-28,9,7,2,7.0,63.0,0
B2B-5DF47B5D,OBRE,OBRE-01,2029-12-28,20,17,5,7.0,140.0,0
B2B-5EA92CE9,OBRE,OBRE-01,2029-12-28,9,6,2,34.0,306.0,0
B2B-5EB47646,NAVA,NAVA-01,2029-12-28,19,12,5,41.0,779.0,0
B2B-5EB47646,OBRE,OBRE-01,2029-12-28,9,7,2,41.0,369.0,0
B2B-5ED575A1,NAVA,NAVA-01,2029-12-28,13,12,4,37.0,481.0,0
B2B-5ED575A1,OBRE,OBRE-01,2029-12-28,4,5,1,37.0,148.0,1
B2B-5EEF176B,OBRE,OBRE-01,2029-12-28,3,2,1,2093.0,6279.0,0
B2B-5F93DB8B,NAVA,NAVA-01,2029-12-28,7,4,1,140.0,980.0,0
B2B-5F93DB8B,OBRE,OBRE-01,2029-12-28,6,4,1,140.0,840.0,0
B2B-5FEE409E,NAVA,NAVA-01,2029-12-28,3,3,1,622.0,1866.0,0
B2B-6123EB6D,NAVA,NAVA-01,2029-12-28,3,3,1,609.0,1827.0,0
B2B-6123EB6D,OBRE,OBRE-01,2029-12-28,2,3,1,609.0,1218.0,1
B2B-614FB6A0,OBRE,OBRE-01,2029-12-28,10,6,2,118.0,1180.0,0
B2B-61AF0245,NAVA,NAVA-01,2029-12-28,7,9,3,24.0,168.0,1
B2B-61EBD1BE,OBRE,OBRE-01,2029-12-28,5,4,1,49.0,245.0,0
B2B-6292ED51,NAVA,NAVA-01,2029-12-28,3,3,1,55.0,165.0,0
B2B-6292ED51,OBRE,OBRE-01,2029-12-28,6,9,3,55.0,330.0,1
B2B-63DEB13D,NAVA,NAVA-01,2029-12-28,18,15,5,12.0,216.0,0
B2B-63DEB13D,OBRE,OBRE-01,2029-12-28,6,4,1,12.0,72.0,0
B2B-63E1C5CE,NAVA,NAVA-01,2029-12-28,2,2,1,3.0,6.0,0
B2B-63E1C5CE,OBRE,OBRE-01,2029-12-28,34,23,5,3.0,102.0,0
B2B-6408C53C,NAVA,NAVA-01,2029-12-28,2,4,1,124.0,248.0,1
B2B-6450579B,NAVA,NAVA-01,2029-12-28,3,5,2,175.0,525.0,1
B2B-6459EB20,NAVA,NAVA-01,2029-12-28,5,5,1,43.0,215.0,0
B2B-6459EB20,OBRE,OBRE-01,2029-12-28,7,11,2,43.0,301.0,1
B2B-64ABFD43,OBRE,OBRE-01,2029-12-28,18,11,2,30.0,540.0,0
B2B-64B0BE04,NAVA,NAVA-01,2029-12-28,5,3,1,241.0,1205.0,0
B2B-64B0BE04,OBRE,OBRE-01,2029-12-28,6,5,1,241.0,1446.0,0
B2B-64F486B0,NAVA,NAVA-01,2029-12-28,7,6,2,138.0,966.0,0
B2B-6514BBB7,NAVA,NAVA-01,2029-12-28,2,2,1,2223.0,4446.0,0
B2B-6543364B,NAVA,NAVA-01,2029-12-28,3,4,1,302.0,906.0,1
B2B-6543364B,OBRE,OBRE-01,2029-12-28,7,6,2,302.0,2114.0,0
B2B-655B3944,NAVA,NAVA-01,2029-12-28,7,17,4,19.0,133.0,1
B2B-655B3944,OBRE,OBRE-01,2029-12-28,10,19,3,19.0,190.0,1
B2B-665157BD,OBRE,OBRE-01,2029-12-28,3,3,1,2203.0,6609.0,0
B2B-667437F2,OBRE,OBRE-01,2029-12-28,4,8,2,62.5,250.0,1
B2B-66AC9297,NAVA,NAVA-01,2029-12-28,4,7,2,30.0,120.0,1
B2B-66AC9297,OBRE,OBRE-01,2029-12-28,8,10,2,30.0,240.0,1
B2B-66E0279E,OBRE,OBRE-01,2029-12-28,26,19,3,34.0,884.0,0
B2B-66F1A5FB,NAVA,NAVA-01,2029-12-28,5,3,1,112.0,560.0,0
B2B-66F1A5FB,OBRE,OBRE-01,2029-12-28,5,4,2,112.0,560.0,0
B2B-6714F776,NAVA,NAVA-01,2029-12-28,20,12,4,23.0,460.0,0
B2B-67B5178B,NAVA,NAVA-01,2029-12-28,12,11,3,20.0,240.0,0
B2B-67B5178B,OBRE,OBRE-01,2029-12-28,25,18,3,20.0,500.0,0
B2B-67C435EA,NAVA,NAVA-01,2029-12-28,2,3,1,758.0,1516.0,1
B2B-67C435EA,OBRE,OBRE-01,2029-12-28,3,2,1,758.0,2274.0,0
B2B-6826C345,NAVA,NAVA-01,2029-12-28,12,16,3,7.0,84.0,1
B2B-6826C345,OBRE,OBRE-01,2029-12-28,29,31,5,7.0,203.0,1
B2B-68342F29,NAVA,NAVA-01,2029-12-28,4,3,1,571.0,2284.0,0
B2B-68C2828B,NAVA,NAVA-01,2029-12-28,7,17,2,11.0,77.0,1
B2B-68C2828B,OBRE,OBRE-01,2029-12-28,36,26,4,11.0,396.0,0
B2B-68D00C2E,NAVA,NAVA-01,2029-12-28,26,20,7,9.0,234.0,0
B2B-690956F0,NAVA,NAVA-01,2029-12-28,1,2,1,488.0,488.0,1
B2B-696FB817,OBRE,OBRE-01,2029-12-28,29,27,7,1.0,29.0,0
B2B-697489DE,OBRE,OBRE-01,2029-12-28,1,3,1,458.0,458.0,1
B2B-69BE22C9,NAVA,NAVA-01,2029-12-28,16,11,2,13.0,208.0,0
B2B-69BE22C9,OBRE,OBRE-01,2029-12-28,28,20,5,13.0,364.0,0
B2B-69D0A639,NAVA,NAVA-01,2029-12-28,22,37,13,33.0,726.0,1
B2B-69D0A639,OBRE,OBRE-01,2029-12-28,12,14,3,33.0,396.0,1
B2B-6A1C5FE0,NAVA,NAVA-01,2029-12-28,3,3,1,226.0,678.0,0
B2B-6A1C5FE0,OBRE,OBRE-01,2029-12-28,3,5,1,226.0,678.0,1
B2B-6B2428F6,OBRE,OBRE-01,2029-12-28,3,3,1,793.0,2379.0,0
B2B-6B34F25D,OBRE,OBRE-01,2029-12-28,3,3,1,2534.0,7602.0,0
B2B-6D1657D3,NAVA,NAVA-01,2029-12-28,16,29,11,32.0,512.0,1
B2B-6D1657D3,OBRE,OBRE-01,2029-12-28,5,5,1,32.0,160.0,0
B2B-6D560776,NAVA,NAVA-01,2029-12-28,11,9,3,36.0,396.0,0
B2B-6E34BD05,NAVA,NAVA-01,2029-12-28,5,6,2,423.0,2115.0,1
B2B-6E34BD05,OBRE,OBRE-01,2029-12-28,2,2,1,423.0,846.0,0
B2B-6E990172,NAVA,NAVA-01,2029-12-28,7,12,1,28.0,196.0,1
B2B-6E990172,OBRE,OBRE-01,2029-12-28,91,61,10,28.0,2548.0,0
B2B-6EB0D5A5,NAVA,NAVA-01,2029-12-28,8,10,3,36.0,288.0,1
B2B-6EB0D5A5,OBRE,OBRE-01,2029-12-28,6,7,2,36.0,216.0,1
B2B-6F02ED2B,OBRE,OBRE-01,2029-12-28,4,5,1,1078.0,4312.0,1
B2B-6F298F15,NAVA,NAVA-01,2029-12-28,36,23,9,44.0,1584.0,0
B2B-6F97381C,NAVA,NAVA-01,2029-12-28,7,15,5,9.0,63.0,1
B2B-6FC52F87,NAVA,NAVA-01,2029-12-28,5,10,4,210.0,1050.0,1
B2B-704AE895,NAVA,NAVA-01,2029-12-28,7,7,3,157.0,1099.0,0
B2B-70B45E53,NAVA,NAVA-01,2029-12-28,4,7,2,13.0,52.0,1
B2B-70B45E53,OBRE,OBRE-01,2029-12-28,9,21,5,13.0,117.0,1
B2B-70D2C0EA,NAVA,NAVA-01,2029-12-28,14,34,11,3.0,42.0,1
B2B-70FBB833,NAVA,NAVA-01,2029-12-28,10,7,2,15.0,150.0,0
B2B-70FBB833,OBRE,OBRE-01,2029-12-28,10,8,2,15.0,150.0,0
B2B-7113764C,NAVA,NAVA-01,2029-12-28,60,46,20,4.0,240.0,0
B2B-71CFF1C0,OBRE,OBRE-01,2029-12-28,2,3,1,356.0,712.0,1
B2B-722E0F62,NAVA,NAVA-01,2029-12-28,9,7,2,17.0,153.0,0
B2B-722E0F62,OBRE,OBRE-01,2029-12-28,12,12,3,17.0,204.0,0
B2B-7251856A,NAVA,NAVA-01,2029-12-28,7,8,2,17.0,119.0,1
B2B-7252717A,NAVA,NAVA-01,2029-12-28,77,60,29,5.0,385.0,0
B2B-72D05D17,NAVA,NAVA-01,2029-12-28,2,3,1,301.0,602.0,1
B2B-72D05D17,OBRE,OBRE-01,2029-12-28,4,3,1,301.0,1204.0,0
B2B-73279405,NAVA,NAVA-01,2029-12-28,9,12,5,30.0,270.0,1
B2B-732A3856,NAVA,NAVA-01,2029-12-28,5,6,2,9.0,45.0,1
B2B-732A3856,OBRE,OBRE-01,2029-12-28,16,11,3,9.0,144.0,0
B2B-739D0BBF,OBRE,OBRE-01,2029-12-28,6,6,2,24.0,144.0,0
B2B-73B94E91,OBRE,OBRE-01,2029-12-28,15,15,4,3.0,45.0,0
B2B-73BAEB50,NAVA,NAVA-01,2029-12-28,12,18,7,13.0,156.0,1
B2B-73EEBDB3,OBRE,OBRE-01,2029-12-28,4,5,2,26.0,104.0,1
B2B-7405A3CF,NAVA,NAVA-01,2029-12-28,5,13,4,8.0,40.0,1
B2B-7405A3CF,OBRE,OBRE-01,2029-12-28,24,22,8,8.0,192.0,0
B2B-74274CF8,OBRE,OBRE-01,2029-12-28,9,12,3,17.0,153.0,1
B2B-74594E52,OBRE,OBRE-01,2029-12-28,13,17,4,2.5,32.5,1
B2B-74EF5B95,NAVA,NAVA-01,2029-12-28,30,28,11,13.0,390.0,0
B2B-7516F84B,NAVA,NAVA-01,2029-12-28,3,2,1,655.0,1965.0,0
B2B-7521D3A0,OBRE,OBRE-01,2029-12-28,5,6,2,567.0,2835.0,1
B2B-7554DD5B,NAVA,NAVA-01,2029-12-28,5,3,1,2361.0,11805.0,0
B2B-7554DD5B,OBRE,OBRE-01,2029-12-28,1,1,1,2361.0,2361.0,0
B2B-76125E46,NAVA,NAVA-01,2029-12-28,1,2,1,650.0,650.0,1
B2B-76125E46,OBRE,OBRE-01,2029-12-28,7,5,1,650.0,4550.0,0
B2B-76ACFCBD,OBRE,OBRE-01,2029-12-28,3,2,1,680.5,2041.5,0
B2B-7714F117,NAVA,NAVA-01,2029-12-28,9,11,3,7.0,63.0,1
B2B-7714F117,OBRE,OBRE-01,2029-12-28,14,8,2,7.0,98.0,0
B2B-7787D960,OBRE,OBRE-01,2029-12-28,2,2,1,791.0,1582.0,0
B2B-779BF89E,NAVA,NAVA-01,2029-12-28,4,6,2,34.0,136.0,1
B2B-77ACB959,NAVA,NAVA-01,2029-12-28,5,3,1,477.5,2387.5,0
B2B-77ACB959,OBRE,OBRE-01,2029-12-28,6,5,1,477.5,2865.0,0
B2B-78149712,OBRE,OBRE-01,2029-12-28,8,8,2,46.5,372.0,0
B2B-783BB58E,NAVA,NAVA-01,2029-12-28,6,7,3,39.0,234.0,1
B2B-783BB58E,OBRE,OBRE-01,2029-12-28,8,11,4,39.0,312.0,1
B2B-7898BB76,OBRE,OBRE-01,2029-12-28,16,16,3,23.0,368.0,0
B2B-78A27D03,NAVA,NAVA-01,2029-12-28,9,15,4,16.0,144.0,1
B2B-78A27D03,OBRE,OBRE-01,2029-12-28,32,25,5,16.0,512.0,0
B2B-78A4836A,NAVA,NAVA-01,2029-12-28,56,42,12,42.0,2352.0,0
B2B-78A4836A,OBRE,OBRE-01,2029-12-28,69,63,9,42.0,2898.0,0
B2B-791A09AC,NAVA,NAVA-01,2029-12-28,1,3,1,8015.0,8015.0,1
B2B-791A09AC,OBRE,OBRE-01,2029-12-28,0,1,1,8015.0,0.0,1
B2B-79711D45,NAVA,NAVA-01,2029-12-28,13,8,2,21.0,273.0,0
B2B-79711D45,OBRE,OBRE-01,2029-12-28,11,14,4,21.0,231.0,1
B2B-79AC7085,OBRE,OBRE-01,2029-12-28,21,15,4,8.0,168.0,0
B2B-7A0B4541,NAVA,NAVA-01,2029-12-28,18,34,14,12.0,216.0,1
B2B-7A8D9E84,OBRE,OBRE-01,2029-12-28,52,58,11,1.0,52.0,1
B2B-7AC535CE,NAVA,NAVA-01,2029-12-28,3,3,1,42.0,126.0,0
B2B-7AC535CE,OBRE,OBRE-01,2029-12-28,11,14,4,42.0,462.0,1
B2B-7B3F9494,NAVA,NAVA-01,2029-12-28,9,14,2,10.0,90.0,1
B2B-7B3F9494,OBRE,OBRE-01,2029-12-28,29,29,6,10.0,290.0,0
B2B-7BB8C827,NAVA,NAVA-01,2029-12-28,24,15,6,74.0,1776.0,0
B2B-7BE63F34,NAVA,NAVA-01,2029-12-28,19,14,3,13.0,247.0,0
B2B-7BE63F34,OBRE,OBRE-01,2029-12-28,28,17,4,13.0,364.0,0
B2B-7C101052,OBRE,OBRE-01,2029-12-28,22,16,3,16.0,352.0,0
B2B-7C369525,NAVA,NAVA-01,2029-12-28,1,1,1,1003.5,1003.5,0
B2B-7C369525,OBRE,OBRE-01,2029-12-28,3,2,1,1003.5,3010.5,0
B2B-7C691EE5,NAVA,NAVA-01,2029-12-28,7,10,2,16.0,112.0,1
B2B-7C691EE5,OBRE,OBRE-01,2029-12-28,25,19,3,16.0,400.0,0
B2B-7CB662D2,NAVA,NAVA-01,2029-12-28,2,2,1,1356.0,2712.0,0
B2B-7CCA405C,NAVA,NAVA-01,2029-12-28,10,8,1,13.0,130.0,0
B2B-7CCA405C,OBRE,OBRE-01,2029-12-28,32,31,4,13.0,416.0,0
B2B-7CFE1999,OBRE,OBRE-01,2029-12-28,5,12,3,94.0,470.0,1
B2B-7D5780F0,NAVA,NAVA-01,2029-12-28,1,2,1,317.0,317.0,1
B2B-7D5780F0,OBRE,OBRE-01,2029-12-28,4,7,2,317.0,1268.0,1
B2B-7DB034E8,NAVA,NAVA-01,2029-12-28,2,2,1,355.0,710.0,0
B2B-7DB034E8,OBRE,OBRE-01,2029-12-28,7,6,2,355.0,2485.0,0
B2B-7DB9D1E8,NAVA,NAVA-01,2029-12-28,14,23,6,3.0,42.0,1
B2B-7E21582F,OBRE,OBRE-01,2029-12-28,9,6,2,31.0,279.0,0
B2B-7E3EF9BE,NAVA,NAVA-01,2029-12-28,10,6,2,138.0,1380.0,0
B2B-7E4BE9DC,NAVA,NAVA-01,2029-12-28,7,4,1,88.5,619.5,0
B2B-7E4BE9DC,OBRE,OBRE-01,2029-12-28,6,6,2,88.5,531.0,0
B2B-7EA5DECD,NAVA,NAVA-01,2029-12-28,2,2,1,1426.0,2852.0,0
B2B-7F9A7480,NAVA,NAVA-01,2029-12-28,2,2,1,1399.0,2798.0,0
B2B-7F9A7480,OBRE,OBRE-01,2029-12-28,2,3,1,1399.0,2798.0,1
B2B-7FA8F656,NAVA,NAVA-01,2029-12-28,2,3,1,790.0,1580.0,1
B2B-7FA8F656,OBRE,OBRE-01,2029-12-28,5,3,1,790.0,3950.0,0
B2B-7FFC8B03,NAVA,NAVA-01,2029-12-28,1,2,1,921.0,921.0,1
B2B-7FFC8B03,OBRE,OBRE-01,2029-12-28,2,2,1,921.0,1842.0,0
B2B-802FABD0,NAVA,NAVA-01,2029-12-28,18,24,9,10.0,180.0,1
B2B-804C7BFC,NAVA,NAVA-01,2029-12-28,10,26,6,11.0,110.0,1
B2B-804C7BFC,OBRE,OBRE-01,2029-12-28,28,20,4,11.0,308.0,0
B2B-805FCA77,OBRE,OBRE-01,2029-12-28,45,45,9,1.0,45.0,0
B2B-8073FA58,NAVA,NAVA-01,2029-12-28,68,39,12,30.0,2040.0,0
B2B-8073FA58,OBRE,OBRE-01,2029-12-28,58,42,7,30.0,1740.0,0
B2B-80D031E9,NAVA,NAVA-01,2029-12-28,3,3,1,310.5,931.5,0
B2B-80FB35A1,NAVA,NAVA-01,2029-12-28,19,22,9,13.0,247.0,1
B2B-814215F7,NAVA,NAVA-01,2029-12-28,9,13,5,29.5,265.5,1
B2B-8157A0F2,OBRE,OBRE-01,2029-12-28,2,4,1,414.0,828.0,1
B2B-8172FE1B,NAVA,NAVA-01,2029-12-28,1,2,1,85.0,85.0,1
B2B-8172FE1B,OBRE,OBRE-01,2029-12-28,8,5,2,85.0,680.0,0
B2B-81959962,NAVA,NAVA-01,2029-12-28,2,2,1,2153.0,4306.0,0
B2B-81959962,OBRE,OBRE-01,2029-12-28,2,2,1,2153.0,4306.0,0
B2B-81AB4580,NAVA,NAVA-01,2029-12-28,2,3,1,246.0,492.0,1
B2B-81AB4580,OBRE,OBRE-01,2029-12-28,4,3,1,246.0,984.0,0
B2B-81CA7D9A,NAVA,NAVA-01,2029-12-28,6,6,1,24.0,144.0,0
B2B-81CA7D9A,OBRE,OBRE-01,2029-12-28,13,18,5,24.0,312.0,1
B2B-81FECBF3,OBRE,OBRE-01,2029-12-28,10,7,2,46.0,460.0,0
B2B-8271E4B3,NAVA,NAVA-01,2029-12-28,6,5,2,43.0,258.0,0
B2B-828BE792,NAVA,NAVA-01,2029-12-28,6,5,1,42.0,252.0,0
B2B-828BE792,OBRE,OBRE-01,2029-12-28,11,7,2,42.0,462.0,0
B2B-82B79814,OBRE,OBRE-01,2029-12-28,22,22,5,43.0,946.0,0
B2B-82C8BBF5,NAVA,NAVA-01,2029-12-28,7,5,1,160.5,1123.5,0
B2B-82C8BBF5,OBRE,OBRE-01,2029-12-28,3,6,2,160.5,481.5,1
B2B-82D82BAE,NAVA,NAVA-01,2029-12-28,4,7,2,25.0,100.0,1
B2B-82D82BAE,OBRE,OBRE-01,2029-12-28,6,5,1,25.0,150.0,0
B2B-833FDFF7,OBRE,OBRE-01,2029-12-28,1,2,1,918.0,918.0,1
B2B-834ABA6D,NAVA,NAVA-01,2029-12-28,26,30,10,9.0,234.0,1
B2B-83725482,NAVA,NAVA-01,2029-12-28,19,23,9,16.0,304.0,1
B2B-841B80EA,NAVA,NAVA-01,2029-12-28,18,12,4,24.0,432.0,0
B2B-85561238,NAVA,NAVA-01,2029-12-28,2,5,1,23.0,46.0,1
B2B-85561238,OBRE,OBRE-01,2029-12-28,14,11,3,23.0,322.0,0
B2B-85F570C1,NAVA,NAVA-01,2029-12-28,12,7,2,31.0,372.0,0
B2B-862D1AA3,NAVA,NAVA-01,2029-12-28,7,5,1,135.0,945.0,0
B2B-86D3ED95,NAVA,NAVA-01,2029-12-28,23,16,6,58.0,1334.0,0
B2B-86D3ED95,OBRE,OBRE-01,2029-12-28,8,9,2,58.0,464.0,1
B2B-87412EC5,NAVA,NAVA-01,2029-12-28,13,25,5,12.0,156.0,1
B2B-87412EC5,OBRE,OBRE-01,2029-12-28,49,56,8,12.0,588.0,1
B2B-87654C3C,OBRE,OBRE-01,2029-12-28,1,2,1,445.0,445.0,1
B2B-87A72B6B,NAVA,NAVA-01,2029-12-28,1,1,1,7243.0,7243.0,0
B2B-87B3B23C,NAVA,NAVA-01,2029-12-28,8,7,2,23.0,184.0,0
B2B-87C278EB,NAVA,NAVA-01,2029-12-28,1,1,1,3292.0,3292.0,0
B2B-87C278EB,OBRE,OBRE-01,2029-12-28,1,1,1,3292.0,3292.0,0
B2B-87DCDC20,OBRE,OBRE-01,2029-12-28,15,11,2,26.5,397.5,0
B2B-87E2F577,NAVA,NAVA-01,2029-12-28,6,6,2,206.0,1236.0,0
B2B-87E2F577,OBRE,OBRE-01,2029-12-28,6,4,1,206.0,1236.0,0
B2B-88361C05,NAVA,NAVA-01,2029-12-28,6,7,3,172.0,1032.0,1
B2B-88AA85A6,OBRE,OBRE-01,2029-12-28,13,9,2,38.0,494.0,0
B2B-8959BF92,NAVA,NAVA-01,2029-12-28,6,6,2,93.0,558.0,0
B2B-895CDD3B,NAVA,NAVA-01,2029-12-28,8,6,1,79.0,632.0,0
B2B-895CDD3B,OBRE,OBRE-01,2029-12-28,4,5,1,79.0,316.0,1
B2B-8960F46F,NAVA,NAVA-01,2029-12-28,9,6,2,26.0,234.0,0
B2B-8960F46F,OBRE,OBRE-01,2029-12-28,10,7,2,26.0,260.0,0
B2B-8973D677,NAVA,NAVA-01,2029-12-28,4,4,1,95.0,380.0,0
B2B-8973D677,OBRE,OBRE-01,2029-12-28,13,9,2,95.0,1235.0,0
B2B-89C24DC0,OBRE,OBRE-01,2029-12-28,22,20,5,4.0,88.0,0
B2B-89C7E11A,NAVA,NAVA-01,2029-12-28,7,11,4,43.0,301.0,1
B2B-89C7E11A,OBRE,OBRE-01,2029-12-28,5,4,1,43.0,215.0,0
B2B-89EF3F00,NAVA,NAVA-01,2029-12-28,20,22,5,9.0,180.0,1
B2B-89EF3F00,OBRE,OBRE-01,2029-12-28,9,11,2,9.0,81.0,1
B2B-8A439FA6,NAVA,NAVA-01,2029-12-28,26,18,8,28.0,728.0,0
B2B-8B371C75,OBRE,OBRE-01,2029-12-28,41,24,5,5.5,225.5,0
B2B-8B4F596C,NAVA,NAVA-01,2029-12-28,5,7,1,13.0,65.0,1
B2B-8B4F596C,OBRE,OBRE-01,2029-12-28,36,26,6,13.0,468.0,0
B2B-8B58DBDB,NAVA,NAVA-01,2029-12-28,3,5,2,435.5,1306.5,1
B2B-8B58DBDB,OBRE,OBRE-01,2029-12-28,1,2,1,435.5,435.5,1
B2B-8BC3B903,NAVA,NAVA-01,2029-12-28,16,19,6,8.0,128.0,1
B2B-8BC3B903,OBRE,OBRE-01,2029-12-28,47,29,9,8.0,376.0,0
B2B-8BDE020A,NAVA,NAVA-01,2029-12-28,8,9,3,65.0,520.0,1
B2B-8BDE020A,OBRE,OBRE-01,2029-12-28,4,8,3,65.0,260.0,1
B2B-8BF0CB4A,NAVA,NAVA-01,2029-12-28,43,25,6,8.0,344.0,0
B2B-8BF0CB4A,OBRE,OBRE-01,2029-12-28,10,27,5,8.0,80.0,1
B2B-8C6D5AB6,NAVA,NAVA-01,2029-12-28,32,20,4,7.0,224.0,0
B2B-8C6D5AB6,OBRE,OBRE-01,2029-12-28,31,20,4,7.0,217.0,0
B2B-8CF33394,NAVA,NAVA-01,2029-12-28,7,8,3,14.0,98.0,1
B2B-8CF33394,OBRE,OBRE-01,2029-12-28,10,7,2,14.0,140.0,0
B2B-8D0B7EFA,OBRE,OBRE-01,2029-12-28,12,9,2,29.0,348.0,0
B2B-8D6D7F2D,NAVA,NAVA-01,2029-12-28,6,4,1,150.0,900.0,0
B2B-8D6D7F2D,OBRE,OBRE-01,2029-12-28,9,7,2,150.0,1350.0,0
B2B-8DA224E4,NAVA,NAVA-01,2029-12-28,47,63,12,6.0,282.0,1
B2B-8DA224E4,OBRE,OBRE-01,2029-12-28,326,189,30,6.0,1956.0,0
B2B-8DA33E5C,NAVA,NAVA-01,2029-12-28,6,8,2,11.0,66.0,1
B2B-8DA33E5C,OBRE,OBRE-01,2029-12-28,23,18,3,11.0,253.0,0
B2B-8DB72BFB,OBRE,OBRE-01,2029-12-28,37,31,4,25.0,925.0,0
B2B-8E5AC190,OBRE,OBRE-01,2029-12-28,6,7,2,56.0,336.0,1
B2B-8E6F92D9,OBRE,OBRE-01,2029-12-28,2,3,1,315.0,630.0,1
B2B-8E76C835,NAVA,NAVA-01,2029-12-28,7,6,2,31.0,217.0,0
B2B-8E76C835,OBRE,OBRE-01,2029-12-28,4,7,2,31.0,124.0,1
B2B-8E85F23F,OBRE,OBRE-01,2029-12-28,13,8,2,50.0,650.0,0
B2B-8E93A9CA,OBRE,OBRE-01,2029-12-28,3,2,1,971.5,2914.5,0
B2B-8EB62FAC,OBRE,OBRE-01,2029-12-28,36,36,9,1.0,36.0,0
B2B-8ED1602C,NAVA,NAVA-01,2029-12-28,8,5,1,25.0,200.0,0
B2B-8ED1602C,OBRE,OBRE-01,2029-12-28,3,5,1,25.0,75.0,1
B2B-8F05359E,NAVA,NAVA-01,2029-12-28,8,20,2,33.0,264.0,1
B2B-8F05359E,OBRE,OBRE-01,2029-12-28,229,168,24,33.0,7557.0,0
B2B-8F3E0EA0,NAVA,NAVA-01,2029-12-28,1,1,1,8858.0,8858.0,0
B2B-8F3E0EA0,OBRE,OBRE-01,2029-12-28,0,1,1,8858.0,0.0,1
B2B-90CE8664,NAVA,NAVA-01,2029-12-28,13,10,3,26.0,338.0,0
B2B-90CE8664,OBRE,OBRE-01,2029-12-28,8,6,1,26.0,208.0,0
B2B-9103B9D5,NAVA,NAVA-01,2029-12-28,6,5,2,173.0,1038.0,0
B2B-91AC3D69,OBRE,OBRE-01,2029-12-28,2,2,1,2403.0,4806.0,0
B2B-922EB261,NAVA,NAVA-01,2029-12-28,2,3,1,40.5,81.0,1
B2B-922EB261,OBRE,OBRE-01,2029-12-28,3,4,1,40.5,121.5,1
B2B-92733B13,NAVA,NAVA-01,2029-12-28,6,6,2,46.0,276.0,0
B2B-9292370D,NAVA,NAVA-01,2029-12-28,50,47,14,18.0,900.0,0
B2B-9292370D,OBRE,OBRE-01,2029-12-28,37,24,5,18.0,666.0,0
B2B-92CC7D69,NAVA,NAVA-01,2029-12-28,11,18,7,18.0,198.0,1
B2B-951C22C0,OBRE,OBRE-01,2029-12-28,48,57,12,1.0,48.0,1
B2B-95936535,NAVA,NAVA-01,2029-12-28,5,9,3,14.0,70.0,1
B2B-95D5901C,NAVA,NAVA-01,2029-12-28,3,4,2,68.0,204.0,1
B2B-95D5901C,OBRE,OBRE-01,2029-12-28,8,5,1,68.0,544.0,0
B2B-960A978D,OBRE,OBRE-01,2029-12-28,1,3,1,843.0,843.0,1
B2B-96178491,NAVA,NAVA-01,2029-12-28,5,3,1,82.5,412.5,0
B2B-96178491,OBRE,OBRE-01,2029-12-28,2,3,1,82.5,165.0,1
B2B-961F83AB,NAVA,NAVA-01,2029-12-28,29,31,12,8.0,232.0,1
B2B-962D4A6C,NAVA,NAVA-01,2029-12-28,2,3,1,534.0,1068.0,1
B2B-963632D1,NAVA,NAVA-01,2029-12-28,16,10,4,91.0,1456.0,0
B2B-9653841B,NAVA,NAVA-01,2029-12-28,11,24,7,13.0,143.0,1
B2B-9653841B,OBRE,OBRE-01,2029-12-28,47,40,7,13.0,611.0,0
B2B-96B0DCC8,NAVA,NAVA-01,2029-12-28,7,6,1,15.5,108.5,0
B2B-96B0DCC8,OBRE,OBRE-01,2029-12-28,6,9,2,15.5,93.0,1
B2B-96FF49FA,NAVA,NAVA-01,2029-12-28,8,9,2,415.0,3320.0,1
B2B-96FF49FA,OBRE,OBRE-01,2029-12-28,26,31,5,415.0,10790.0,1
B2B-9712C4BB,NAVA,NAVA-01,2029-12-28,14,14,3,9.0,126.0,0
B2B-9712C4BB,OBRE,OBRE-01,2029-12-28,14,24,5,9.0,126.0,1
B2B-9726172B,OBRE,OBRE-01,2029-12-28,10,10,2,62.0,620.0,0
B2B-976157CB,NAVA,NAVA-01,2029-12-28,15,10,3,56.5,847.5,0
B2B-97A53BAA,NAVA,NAVA-01,2029-12-28,20,18,4,36.0,720.0,0
B2B-97A53BAA,OBRE,OBRE-01,2029-12-28,41,30,7,36.0,1476.0,0
B2B-97B58B19,NAVA,NAVA-01,2029-12-28,4,3,1,563.0,2252.0,0
B2B-97B58B19,OBRE,OBRE-01,2029-12-28,3,2,1,563.0,1689.0,0
B2B-97F20CEB,OBRE,OBRE-01,2029-12-28,49,36,5,30.0,1470.0,0
B2B-98525FFC,OBRE,OBRE-01,2029-12-28,5,10,2,76.0,380.0,1
B2B-991396CB,NAVA,NAVA-01,2029-12-28,10,12,2,41.0,410.0,1
B2B-991396CB,OBRE,OBRE-01,2029-12-28,7,12,2,41.0,287.0,1
B2B-99261BEA,OBRE,OBRE-01,2029-12-28,5,4,1,93.0,465.0,0
B2B-9963EA1D,NAVA,NAVA-01,2029-12-28,4,6,2,125.5,502.0,1
B2B-99830607,NAVA,NAVA-01,2029-12-28,5,3,1,572.0,2860.0,0
B2B-9A08B6C0,NAVA,NAVA-01,2029-12-28,31,19,2,40.0,1240.0,0
B2B-9A08B6C0,OBRE,OBRE-01,2029-12-28,70,43,7,40.0,2800.0,0
B2B-9A0F3D8D,NAVA,NAVA-01,2029-12-28,9,10,3,10.0,90.0,1
B2B-9A0F3D8D,OBRE,OBRE-01,2029-12-28,5,7,2,10.0,50.0,1
B2B-9A6CC1FC,NAVA,NAVA-01,2029-12-28,59,45,8,3.0,177.0,0
B2B-9A6CC1FC,OBRE,OBRE-01,2029-12-28,77,64,10,3.0,231.0,0
B2B-9AC055C3,NAVA,NAVA-01,2029-12-28,8,6,1,20.0,160.0,0
B2B-9AC055C3,OBRE,OBRE-01,2029-12-28,6,9,2,20.0,120.0,1
B2B-9B9337C3,NAVA,NAVA-01,2029-12-28,38,27,9,3.0,114.0,0
B2B-9B9337C3,OBRE,OBRE-01,2029-12-28,13,11,3,3.0,39.0,0
B2B-9C1DB346,OBRE,OBRE-01,2029-12-28,2,2,1,753.0,1506.0,0
B2B-9C29DA60,NAVA,NAVA-01,2029-12-28,4,4,1,166.0,664.0,0
B2B-9C29DA60,OBRE,OBRE-01,2029-12-28,5,4,1,166.0,830.0,0
B2B-9CA2E5E7,OBRE,OBRE-01,2029-12-28,1,2,1,1203.0,1203.0,1
B2B-9DA4CF38,NAVA,NAVA-01,2029-12-28,2,2,1,330.5,661.0,0
B2B-9DAE58CC,NAVA,NAVA-01,2029-12-28,2,2,1,4346.0,8692.0,0
B2B-9DEC2B19,NAVA,NAVA-01,2029-12-28,2,2,1,735.0,1470.0,0
B2B-9DEC2B19,OBRE,OBRE-01,2029-12-28,1,1,1,735.0,735.0,0
B2B-9DF022FB,NAVA,NAVA-01,2029-12-28,55,34,9,1.0,55.0,0
B2B-9E09F572,NAVA,NAVA-01,2029-12-28,33,43,15,3.0,99.0,1
B2B-9E1A325C,NAVA,NAVA-01,2029-12-28,6,7,1,44.0,264.0,1
B2B-9E1A325C,OBRE,OBRE-01,2029-12-28,11,13,3,44.0,484.0,1
B2B-9E5D3DD5,NAVA,NAVA-01,2029-12-28,9,9,3,24.0,216.0,0
B2B-A02652A2,OBRE,OBRE-01,2029-12-28,10,7,2,39.0,390.0,0
B2B-A0AD4AE0,OBRE,OBRE-01,2029-12-28,54,34,7,1.0,54.0,0
B2B-A1164735,NAVA,NAVA-01,2029-12-28,8,6,1,290.0,2320.0,0
B2B-A1164735,OBRE,OBRE-01,2029-12-28,52,39,5,290.0,15080.0,0
B2B-A1771D60,NAVA,NAVA-01,2029-12-28,54,39,15,3.0,162.0,0
B2B-A1771D60,OBRE,OBRE-01,2029-12-28,47,40,5,3.0,141.0,0
B2B-A183F90A,NAVA,NAVA-01,2029-12-28,7,6,3,583.0,4081.0,0
B2B-A1891E35,NAVA,NAVA-01,2029-12-28,29,17,5,248.0,7192.0,0
B2B-A1891E35,OBRE,OBRE-01,2029-12-28,52,40,7,248.0,12896.0,0
B2B-A19E6FE4,NAVA,NAVA-01,2029-12-28,16,10,3,10.0,160.0,0
B2B-A1BD2B47,NAVA,NAVA-01,2029-12-28,5,13,3,14.0,70.0,1
B2B-A1BD2B47,OBRE,OBRE-01,2029-12-28,8,14,2,14.0,112.0,1
B2B-A1F519CF,NAVA,NAVA-01,2029-12-28,9,5,2,79.0,711.0,0
B2B-A2369CBF,OBRE,OBRE-01,2029-12-28,2,3,1,398.0,796.0,1
B2B-A242DD80,OBRE,OBRE-01,2029-12-28,9,15,3,24.0,216.0,1
B2B-A2E66521,NAVA,NAVA-01,2029-12-28,5,3,1,799.0,3995.0,0
B2B-A40B0146,NAVA,NAVA-01,2029-12-28,9,7,2,93.0,837.0,0
B2B-A4409334,NAVA,NAVA-01,2029-12-28,29,23,7,14.0,406.0,0
B2B-A4409334,OBRE,OBRE-01,2029-12-28,22,15,2,14.0,308.0,0
B2B-A47647F7,NAVA,NAVA-01,2029-12-28,3,2,1,124.0,372.0,0
B2B-A47647F7,OBRE,OBRE-01,2029-12-28,6,4,1,124.0,744.0,0
B2B-A4A247AE,NAVA,NAVA-01,2029-12-28,27,33,12,7.0,189.0,1
B2B-A4A247AE,OBRE,OBRE-01,2029-12-28,12,11,2,7.0,84.0,0
B2B-A4F0282D,NAVA,NAVA-01,2029-12-28,11,11,3,3.0,33.0,0
B2B-A4F0282D,OBRE,OBRE-01,2029-12-28,10,16,4,3.0,30.0,1
B2B-A4F6EB56,OBRE,OBRE-01,2029-12-28,2,1,1,1904.0,3808.0,0
B2B-A510C45D,OBRE,OBRE-01,2029-12-28,20,41,9,3.0,60.0,1
B2B-A5A72869,NAVA,NAVA-01,2029-12-28,6,5,2,63.0,378.0,0
B2B-A5A72869,OBRE,OBRE-01,2029-12-28,5,7,2,63.0,315.0,1
B2B-A60492A0,OBRE,OBRE-01,2029-12-28,6,5,1,109.0,654.0,0
B2B-A65E4379,NAVA,NAVA-01,2029-12-28,3,4,1,31.0,93.0,1
B2B-A65E4379,OBRE,OBRE-01,2029-12-28,51,32,5,31.0,1581.0,0
B2B-A6D4F45E,NAVA,NAVA-01,2029-12-28,13,29,10,15.0,195.0,1
B2B-A73D7FEB,NAVA,NAVA-01,2029-12-28,11,30,13,7.0,77.0,1
B2B-A76731E7,NAVA,NAVA-01,2029-12-28,29,18,7,14.0,406.0,0
B2B-A76731E7,OBRE,OBRE-01,2029-12-28,21,20,4,14.0,294.0,0
B2B-A792FC97,NAVA,NAVA-01,2029-12-28,2,4,1,239.0,478.0,1
B2B-A792FC97,OBRE,OBRE-01,2029-12-28,3,4,1,239.0,717.0,1
B2B-A86A108A,NAVA,NAVA-01,2029-12-28,5,6,2,686.5,3432.5,1
B2B-A86A108A,OBRE,OBRE-01,2029-12-28,8,5,1,686.5,5492.0,0
B2B-A88F4AE3,NAVA,NAVA-01,2029-12-28,5,13,4,24.0,120.0,1
B2B-A88F4AE3,OBRE,OBRE-01,2029-12-28,5,6,2,24.0,120.0,1
B2B-A940BFC2,NAVA,NAVA-01,2029-12-28,4,9,3,42.5,170.0,1
B2B-A95ACA52,OBRE,OBRE-01,2029-12-28,10,8,2,351.0,3510.0,0
B2B-A9850200,NAVA,NAVA-01,2029-12-28,5,6,2,44.0,220.0,1
B2B-A9869AA6,NAVA,NAVA-01,2029-12-28,24,23,9,14.0,336.0,0
B2B-A9B16443,OBRE,OBRE-01,2029-12-28,2,2,1,348.0,696.0,0
B2B-A9BF0745,NAVA,NAVA-01,2029-12-28,7,11,3,21.0,147.0,1
B2B-AA15E288,OBRE,OBRE-01,2029-12-28,4,6,2,48.0,192.0,1
B2B-AAD559DC,NAVA,NAVA-01,2029-12-28,6,4,1,319.0,1914.0,0
B2B-AAD559DC,OBRE,OBRE-01,2029-12-28,7,4,1,319.0,2233.0,0
B2B-AAE7B3D1,NAVA,NAVA-01,2029-12-28,3,7,2,70.0,210.0,1
B2B-AAF5BC23,NAVA,NAVA-01,2029-12-28,9,11,4,15.0,135.0,1
B2B-AAF5BC23,OBRE,OBRE-01,2029-12-28,15,14,5,15.0,225.0,0
B2B-AB56497D,NAVA,NAVA-01,2029-12-28,15,9,2,128.0,1920.0,0
B2B-AB56497D,OBRE,OBRE-01,2029-12-28,57,41,6,128.0,7296.0,0
B2B-AB5D6CA9,NAVA,NAVA-01,2029-12-28,7,8,3,39.0,273.0,1
B2B-ABB86FF0,NAVA,NAVA-01,2029-12-28,11,8,1,25.0,275.0,0
B2B-ABB86FF0,OBRE,OBRE-01,2029-12-28,11,24,5,25.0,275.0,1
B2B-ABDA24EE,NAVA,NAVA-01,2029-12-28,8,5,1,45.0,360.0,0
B2B-ABDA24EE,OBRE,OBRE-01,2029-12-28,3,3,1,45.0,135.0,0
B2B-ABDC8E36,NAVA,NAVA-01,2029-12-28,7,8,3,8.0,56.0,1
B2B-ABDC8E36,OBRE,OBRE-01,2029-12-28,6,4,1,8.0,48.0,0
B2B-ABEF5E06,NAVA,NAVA-01,2029-12-28,3,2,1,723.0,2169.0,0
B2B-ABEF5E06,OBRE,OBRE-01,2029-12-28,7,5,1,723.0,5061.0,0
B2B-ABF579B9,NAVA,NAVA-01,2029-12-28,12,9,3,213.0,2556.0,0
B2B-ABF579B9,OBRE,OBRE-01,2029-12-28,7,6,1,213.0,1491.0,0
B2B-AC142B57,NAVA,NAVA-01,2029-12-28,1,1,1,545.0,545.0,0
B2B-AC142B57,OBRE,OBRE-01,2029-12-28,3,3,1,545.0,1635.0,0
B2B-AC6FEB99,NAVA,NAVA-01,2029-12-28,2,4,1,83.0,166.0,1
B2B-AC6FEB99,OBRE,OBRE-01,2029-12-28,7,5,1,83.0,581.0,0
B2B-AC70977E,OBRE,OBRE-01,2029-12-28,7,6,2,46.5,325.5,0
B2B-AC7C7634,OBRE,OBRE-01,2029-12-28,6,7,2,13.0,78.0,1
B2B-AC8F35F5,NAVA,NAVA-01,2029-12-28,9,8,2,42.0,378.0,0
B2B-AC8F35F5,OBRE,OBRE-01,2029-12-28,15,13,2,42.0,630.0,0
B2B-ACBF1C58,OBRE,OBRE-01,2029-12-28,17,19,3,27.0,459.0,1
B2B-ACBFA2C2,NAVA,NAVA-01,2029-12-28,2,2,1,1000.0,2000.0,0
B2B-ACBFA2C2,OBRE,OBRE-01,2029-12-28,1,3,1,1000.0,1000.0,1
B2B-ACD1E4B9,NAVA,NAVA-01,2029-12-28,34,26,6,15.5,527.0,0
B2B-ACD1E4B9,OBRE,OBRE-01,2029-12-28,55,55,10,15.5,852.5,0
B2B-ACE68569,NAVA,NAVA-01,2029-12-28,3,3,1,1627.0,4881.0,0
B2B-ACE68569,OBRE,OBRE-01,2029-12-28,2,3,1,1627.0,3254.0,1
B2B-AD3770F4,OBRE,OBRE-01,2029-12-28,4,3,1,417.0,1668.0,0
B2B-AD71AC61,NAVA,NAVA-01,2029-12-28,19,12,4,21.0,399.0,0
B2B-AD71AC61,OBRE,OBRE-01,2029-12-28,5,4,1,21.0,105.0,0
B2B-AD8855CC,NAVA,NAVA-01,2029-12-28,2,3,1,392.0,784.0,1
B2B-AD98FB42,OBRE,OBRE-01,2029-12-28,9,6,1,577.0,5193.0,0
B2B-AFECF04A,OBRE,OBRE-01,2029-12-28,3,4,1,283.0,849.0,1
B2B-B0046165,NAVA,NAVA-01,2029-12-28,16,41,14,1.0,16.0,1
B2B-B039C852,NAVA,NAVA-01,2029-12-28,6,7,2,294.0,1764.0,1
B2B-B039C852,OBRE,OBRE-01,2029-12-28,2,4,1,294.0,588.0,1
B2B-B07C6095,OBRE,OBRE-01,2029-12-28,6,4,1,474.0,2844.0,0
B2B-B0A987E3,NAVA,NAVA-01,2029-12-28,7,9,2,66.0,462.0,1
B2B-B0A987E3,OBRE,OBRE-01,2029-12-28,19,12,3,66.0,1254.0,0
B2B-B0E9F7D1,NAVA,NAVA-01,2029-12-28,4,5,2,70.5,282.0,1
B2B-B0F094FD,NAVA,NAVA-01,2029-12-28,3,3,1,210.0,630.0,0
B2B-B0F094FD,OBRE,OBRE-01,2029-12-28,3,5,2,210.0,630.0,1
B2B-B10F93E6,NAVA,NAVA-01,2029-12-28,4,3,1,226.0,904.0,0
B2B-B10F93E6,OBRE,OBRE-01,2029-12-28,1,1,1,226.0,226.0,0
B2B-B170F154,NAVA,NAVA-01,2029-12-28,13,10,2,71.0,923.0,0
B2B-B170F154,OBRE,OBRE-01,2029-12-28,12,9,2,71.0,852.0,0
B2B-B24C0FA4,NAVA,NAVA-01,2029-12-28,3,3,1,1212.0,3636.0,0
B2B-B250AAB6,OBRE,OBRE-01,2029-12-28,10,6,1,152.0,1520.0,0
B2B-B28C5926,NAVA,NAVA-01,2029-12-28,4,6,2,31.0,124.0,1
B2B-B2B7BE84,NAVA,NAVA-01,2029-12-28,35,28,6,12.0,420.0,0
B2B-B2B7BE84,OBRE,OBRE-01,2029-12-28,11,21,4,12.0,132.0,1
B2B-B3080695,OBRE,OBRE-01,2029-12-28,60,48,6,23.0,1380.0,0
B2B-B30B88C0,NAVA,NAVA-01,2029-12-28,84,50,4,21.0,1764.0,0
B2B-B30B88C0,OBRE,OBRE-01,2029-12-28,78,86,14,21.0,1638.0,1
B2B-B39FF544,NAVA,NAVA-01,2029-12-28,3,2,1,1480.0,4440.0,0
B2B-B3A1F4C6,NAVA,NAVA-01,2029-12-28,13,10,3,21.0,273.0,0
B2B-B3A1F4C6,OBRE,OBRE-01,2029-12-28,8,7,1,21.0,168.0,0
B2B-B3AAE996,NAVA,NAVA-01,2029-12-28,3,3,1,62.0,186.0,0
B2B-B3AAE996,OBRE,OBRE-01,2029-12-28,11,7,1,62.0,682.0,0
B2B-B3ACA40F,OBRE,OBRE-01,2029-12-28,14,12,3,77.5,1085.0,0
B2B-B3CD0660,NAVA,NAVA-01,2029-12-28,11,31,12,14.0,154.0,1
B2B-B3E8CB0F,NAVA,NAVA-01,2029-12-28,3,4,1,37.5,112.5,1
B2B-B3E8CB0F,OBRE,OBRE-01,2029-12-28,2,4,1,37.5,75.0,1
B2B-B49EB3C0,NAVA,NAVA-01,2029-12-28,5,4,1,336.0,1680.0,0
B2B-B49EB3C0,OBRE,OBRE-01,2029-12-28,5,3,1,336.0,1680.0,0
B2B-B50C40DA,NAVA,NAVA-01,2029-12-28,16,13,3,9.0,144.0,0
B2B-B50C40DA,OBRE,OBRE-01,2029-12-28,7,9,2,9.0,63.0,1
B2B-B5156317,NAVA,NAVA-01,2029-12-28,7,7,2,17.0,119.0,0
B2B-B5156317,OBRE,OBRE-01,2029-12-28,24,14,4,17.0,408.0,0
B2B-B5718B84,NAVA,NAVA-01,2029-12-28,13,10,3,42.0,546.0,0
B2B-B587ABA9,NAVA,NAVA-01,2029-12-28,2,4,1,29.0,58.0,1
B2B-B587ABA9,OBRE,OBRE-01,2029-12-28,8,6,1,29.0,232.0,0
B2B-B63FEB06,NAVA,NAVA-01,2029-12-28,23,18,8,71.0,1633.0,0
B2B-B6B319F8,NAVA,NAVA-01,2029-12-28,4,6,1,21.0,84.0,1
B2B-B6B319F8,OBRE,OBRE-01,2029-12-28,5,11,2,21.0,105.0,1
B2B-B6D9D1C3,NAVA,NAVA-01,2029-12-28,1,2,1,813.0,813.0,1
B2B-B6D9D1C3,OBRE,OBRE-01,2029-12-28,7,5,1,813.0,5691.0,0
B2B-B738B2E0,NAVA,NAVA-01,2029-12-28,16,13,4,6.0,96.0,0
B2B-B738B2E0,OBRE,OBRE-01,2029-12-28,9,10,2,6.0,54.0,1
B2B-B7987DAC,NAVA,NAVA-01,2029-12-28,4,4,1,235.5,942.0,0
B2B-B7AB7618,OBRE,OBRE-01,2029-12-28,12,28,3,19.0,228.0,1
B2B-B82A13D9,OBRE,OBRE-01,2029-12-28,1,1,1,5774.0,5774.0,0
B2B-B848358A,NAVA,NAVA-01,2029-12-28,12,8,3,54.0,648.0,0
B2B-B8F5DE4E,OBRE,OBRE-01,2029-12-28,4,8,1,82.0,328.0,1
B2B-B92EA564,NAVA,NAVA-01,2029-12-28,2,2,1,1418.5,2837.0,0
B2B-B92EA564,OBRE,OBRE-01,2029-12-28,1,2,1,1418.5,1418.5,1
B2B-B9FB4AD0,NAVA,NAVA-01,2029-12-28,6,4,1,93.0,558.0,0
B2B-B9FB4AD0,OBRE,OBRE-01,2029-12-28,14,8,2,93.0,1302.0,0
B2B-BA01F8C1,NAVA,NAVA-01,2029-12-28,90,78,21,6.0,540.0,0
B2B-BA01F8C1,OBRE,OBRE-01,2029-12-28,153,123,17,6.0,918.0,0
B2B-BA5B29E9,NAVA,NAVA-01,2029-12-28,12,7,2,55.0,660.0,0
B2B-BA66F70D,OBRE,OBRE-01,2029-12-28,7,7,2,481.5,3370.5,0
B2B-BB407E80,NAVA,NAVA-01,2029-12-28,69,42,13,1.0,69.0,0
B2B-BB48D113,NAVA,NAVA-01,2029-12-28,4,5,2,507.0,2028.0,1
B2B-BBAD61DA,NAVA,NAVA-01,2029-12-28,1,1,1,1238.0,1238.0,0
B2B-BBAD61DA,OBRE,OBRE-01,2029-12-28,3,2,1,1238.0,3714.0,0
B2B-BBCE2C7F,NAVA,NAVA-01,2029-12-28,7,4,2,170.0,1190.0,0
B2B-BBCE2C7F,OBRE,OBRE-01,2029-12-28,1,3,1,170.0,170.0,1
B2B-BC0261A0,NAVA,NAVA-01,2029-12-28,30,24,5,13.0,390.0,0
B2B-BC0261A0,OBRE,OBRE-01,2029-12-28,62,38,10,13.0,806.0,0
B2B-BC1381D6,NAVA,NAVA-01,2029-12-28,3,2,1,135.0,405.0,0
B2B-BC1381D6,OBRE,OBRE-01,2029-12-28,5,4,2,135.0,675.0,0
B2B-BCACDBC5,OBRE,OBRE-01,2029-12-28,2,2,1,508.5,1017.0,0
B2B-BCDBA1AB,NAVA,NAVA-01,2029-12-28,20,21,6,10.0,200.0,1
B2B-BCDBA1AB,OBRE,OBRE-01,2029-12-28,25,30,8,10.0,250.0,1
B2B-BDAF4359,OBRE,OBRE-01,2029-12-28,1,2,1,359.0,359.0,1
B2B-BDE7E450,NAVA,NAVA-01,2029-12-28,38,35,11,2.0,76.0,0
B2B-BE2F9443,OBRE,OBRE-01,2029-12-28,11,8,2,23.0,253.0,0
B2B-BE792D40,NAVA,NAVA-01,2029-12-28,106,71,6,30.0,3180.0,0
B2B-BE792D40,OBRE,OBRE-01,2029-12-28,649,409,64,30.0,19470.0,0
B2B-BEC819FE,NAVA,NAVA-01,2029-12-28,4,5,1,51.0,204.0,1
B2B-BEC819FE,OBRE,OBRE-01,2029-12-28,16,11,2,51.0,816.0,0
B2B-BF2861EE,NAVA,NAVA-01,2029-12-28,4,5,1,559.5,2238.0,1
B2B-BF2861EE,OBRE,OBRE-01,2029-12-28,4,7,2,559.5,2238.0,1
B2B-BF309321,OBRE,OBRE-01,2029-12-28,1,2,1,1133.0,1133.0,1
B2B-BF74C68C,NAVA,NAVA-01,2029-12-28,6,6,2,117.0,702.0,0
B2B-BFD50E3B,NAVA,NAVA-01,2029-12-28,6,5,1,23.0,138.0,0
B2B-BFD50E3B,OBRE,OBRE-01,2029-12-28,10,8,2,23.0,230.0,0
B2B-C087677A,NAVA,NAVA-01,2029-12-28,33,26,4,14.0,462.0,0
B2B-C087677A,OBRE,OBRE-01,2029-12-28,138,127,17,14.0,1932.0,0
B2B-C0CD5AFD,OBRE,OBRE-01,2029-12-28,11,8,2,25.0,275.0,0
B2B-C123CBE9,NAVA,NAVA-01,2029-12-28,17,25,8,16.0,272.0,1
B2B-C123CBE9,OBRE,OBRE-01,2029-12-28,11,18,3,16.0,176.0,1
B2B-C1A1C250,OBRE,OBRE-01,2029-12-28,12,9,2,378.0,4536.0,0
B2B-C229F0B7,NAVA,NAVA-01,2029-12-28,8,12,2,8.0,64.0,1
B2B-C229F0B7,OBRE,OBRE-01,2029-12-28,20,27,7,8.0,160.0,1
B2B-C25C5DBD,NAVA,NAVA-01,2029-12-28,6,4,1,9.0,54.0,0
B2B-C25C5DBD,OBRE,OBRE-01,2029-12-28,14,12,3,9.0,126.0,0
B2B-C2A87BCC,OBRE,OBRE-01,2029-12-28,3,2,1,135.0,405.0,0
B2B-C2B5A6EF,NAVA,NAVA-01,2029-12-28,10,6,2,63.0,630.0,0
B2B-C2B5A6EF,OBRE,OBRE-01,2029-12-28,17,10,2,63.0,1071.0,0
B2B-C2F95134,OBRE,OBRE-01,2029-12-28,6,7,2,24.5,147.0,1
B2B-C32DA82E,NAVA,NAVA-01,2029-12-28,6,4,1,194.5,1167.0,0
B2B-C32DA82E,OBRE,OBRE-01,2029-12-28,2,6,1,194.5,389.0,1
B2B-C35A6370,NAVA,NAVA-01,2029-12-28,32,23,10,18.0,576.0,0
B2B-C35B05E3,NAVA,NAVA-01,2029-12-28,2,3,1,1341.0,2682.0,1
B2B-C35DDECF,NAVA,NAVA-01,2029-12-28,7,4,1,402.0,2814.0,0
B2B-C376292F,NAVA,NAVA-01,2029-12-28,52,36,11,40.0,2080.0,0
B2B-C376292F,OBRE,OBRE-01,2029-12-28,18,27,4,40.0,720.0,1
B2B-C3FB635C,OBRE,OBRE-01,2029-12-28,26,32,7,1.0,26.0,1
B2B-C41530EA,NAVA,NAVA-01,2029-12-28,28,17,7,12.0,336.0,0
B2B-C4DEFB03,NAVA,NAVA-01,2029-12-28,5,4,1,252.0,1260.0,0
B2B-C4DEFB03,OBRE,OBRE-01,2029-12-28,1,3,1,252.0,252.0,1
B2B-C4F60C29,OBRE,OBRE-01,2029-12-28,1,1,1,2148.0,2148.0,0
B2B-C5497407,NAVA,NAVA-01,2029-12-28,8,8,1,29.0,232.0,0
B2B-C5497407,OBRE,OBRE-01,2029-12-28,109,96,17,29.0,3161.0,0
B2B-C58A4EA7,NAVA,NAVA-01,2029-12-28,3,2,1,215.0,645.0,0
B2B-C58A4EA7,OBRE,OBRE-01,2029-12-28,5,7,2,215.0,1075.0,1
B2B-C59FECA1,OBRE,OBRE-01,2029-12-28,4,4,1,58.0,232.0,0
B2B-C5E77021,NAVA,NAVA-01,2029-12-28,34,27,11,14.0,476.0,0
B2B-C5FD603B,NAVA,NAVA-01,2029-12-28,8,6,2,321.5,2572.0,0
B2B-C66F3CB8,NAVA,NAVA-01,2029-12-28,3,3,1,652.0,1956.0,0
B2B-C66F3CB8,OBRE,OBRE-01,2029-12-28,15,9,2,652.0,9780.0,0
B2B-C6AE6A43,NAVA,NAVA-01,2029-12-28,5,3,1,253.0,1265.0,0
B2B-C6AE6A43,OBRE,OBRE-01,2029-12-28,1,3,1,253.0,253.0,1
B2B-C6B6C3CE,OBRE,OBRE-01,2029-12-28,1,4,1,907.0,907.0,1
B2B-C6CD455C,NAVA,NAVA-01,2029-12-28,21,14,4,32.0,672.0,0
B2B-C6CD455C,OBRE,OBRE-01,2029-12-28,14,11,3,32.0,448.0,0
B2B-C6DE0B12,OBRE,OBRE-01,2029-12-28,3,4,1,184.0,552.0,1
B2B-C715C8A5,NAVA,NAVA-01,2029-12-28,4,7,2,56.0,224.0,1
B2B-C75D3F14,NAVA,NAVA-01,2029-12-28,17,14,3,20.0,340.0,0
B2B-C7D79BEA,NAVA,NAVA-01,2029-12-28,7,8,4,158.0,1106.0,1
B2B-C7E494A0,NAVA,NAVA-01,2029-12-28,3,2,1,648.5,1945.5,0
B2B-C7E494A0,OBRE,OBRE-01,2029-12-28,1,2,1,648.5,648.5,1
B2B-C7E73682,NAVA,NAVA-01,2029-12-28,7,10,3,89.0,623.0,1
B2B-C7E73682,OBRE,OBRE-01,2029-12-28,12,21,3,89.0,1068.0,1
B2B-C7F8E1D0,NAVA,NAVA-01,2029-12-28,4,3,1,63.0,252.0,0
B2B-C8B37B0E,OBRE,OBRE-01,2029-12-28,28,23,3,151.0,4228.0,0
B2B-C8F1EC72,NAVA,NAVA-01,2029-12-28,39,57,25,7.0,273.0,1
B2B-C8F1EC72,OBRE,OBRE-01,2029-12-28,10,13,3,7.0,70.0,1
B2B-C8F44B59,NAVA,NAVA-01,2029-12-28,11,7,2,66.0,726.0,0
B2B-C8F44B59,OBRE,OBRE-01,2029-12-28,7,10,3,66.0,462.0,1
B2B-C9219679,NAVA,NAVA-01,2029-12-28,3,2,1,158.0,474.0,0
B2B-C9219679,OBRE,OBRE-01,2029-12-28,3,4,1,158.0,474.0,1
B2B-C95DCDBA,OBRE,OBRE-01,2029-12-28,18,12,2,197.0,3546.0,0
B2B-C9C8DECD,NAVA,NAVA-01,2029-12-28,1,2,1,721.0,721.0,1
B2B-C9C8DECD,OBRE,OBRE-01,2029-12-28,3,6,1,721.0,2163.0,1
B2B-CA94CACA,NAVA,NAVA-01,2029-12-28,6,5,1,65.0,390.0,0
B2B-CA94CACA,OBRE,OBRE-01,2029-12-28,7,10,2,65.0,455.0,1
B2B-CAB8C45B,NAVA,NAVA-01,2029-12-28,15,16,5,14.0,210.0,1
B2B-CAD029A6,OBRE,OBRE-01,2029-12-28,21,12,2,30.0,630.0,0
B2B-CAF04013,NAVA,NAVA-01,2029-12-28,1,2,1,631.0,631.0,1
B2B-CAF04013,OBRE,OBRE-01,2029-12-28,7,5,1,631.0,4417.0,0
B2B-CB386429,OBRE,OBRE-01,2029-12-28,1,2,1,1317.0,1317.0,1
B2B-CB3F69E8,NAVA,NAVA-01,2029-12-28,10,6,2,39.0,390.0,0
B2B-CB5361E8,NAVA,NAVA-01,2029-12-28,7,9,2,5.5,38.5,1
B2B-CB5361E8,OBRE,OBRE-01,2029-12-28,29,20,4,5.5,159.5,0
B2B-CB7A0438,NAVA,NAVA-01,2029-12-28,5,3,1,376.0,1880.0,0
B2B-CC1FE337,NAVA,NAVA-01,2029-12-28,5,6,1,58.0,290.0,1
B2B-CC1FE337,OBRE,OBRE-01,2029-12-28,76,64,13,58.0,4408.0,0
B2B-CC49A08F,NAVA,NAVA-01,2029-12-28,21,13,2,41.0,861.0,0
B2B-CC49A08F,OBRE,OBRE-01,2029-12-28,14,11,2,41.0,574.0,0
B2B-CC519FFA,NAVA,NAVA-01,2029-12-28,7,18,4,1.0,7.0,1
B2B-CC519FFA,OBRE,OBRE-01,2029-12-28,49,31,7,1.0,49.0,0
B2B-CC76539F,OBRE,OBRE-01,2029-12-28,4,7,2,95.0,380.0,1
B2B-CCD199FE,OBRE,OBRE-01,2029-12-28,21,15,3,24.0,504.0,0
B2B-CCD2D11C,NAVA,NAVA-01,2029-12-28,3,2,1,57.0,171.0,0
B2B-CCD2D11C,OBRE,OBRE-01,2029-12-28,7,4,1,57.0,399.0,0
B2B-CD0B01FF,NAVA,NAVA-01,2029-12-28,2,2,1,423.0,846.0,0
B2B-CD0B01FF,OBRE,OBRE-01,2029-12-28,5,6,2,423.0,2115.0,1
B2B-CD43B18D,NAVA,NAVA-01,2029-12-28,11,16,3,25.0,275.0,1
B2B-CD43B18D,OBRE,OBRE-01,2029-12-28,17,14,2,25.0,425.0,0
B2B-CEC2B232,NAVA,NAVA-01,2029-12-28,3,4,1,150.0,450.0,1
B2B-CF28396A,OBRE,OBRE-01,2029-12-28,32,19,5,7.0,224.0,0
B2B-CF4B88A6,OBRE,OBRE-01,2029-12-28,19,11,2,70.0,1330.0,0
B2B-CF61F20F,NAVA,NAVA-01,2029-12-28,1,1,1,1039.0,1039.0,0
B2B-CF61F20F,OBRE,OBRE-01,2029-12-28,3,2,1,1039.0,3117.0,0
B2B-D055A9AB,NAVA,NAVA-01,2029-12-28,13,9,3,26.0,338.0,0
B2B-D055A9AB,OBRE,OBRE-01,2029-12-28,10,11,2,26.0,260.0,1
B2B-D0EF5D71,NAVA,NAVA-01,2029-12-28,3,8,3,52.0,156.0,1
B2B-D1087349,OBRE,OBRE-01,2029-12-28,40,24,5,2.0,80.0,0
B2B-D12C9F98,NAVA,NAVA-01,2029-12-28,3,2,1,1067.5,3202.5,0
B2B-D12C9F98,OBRE,OBRE-01,2029-12-28,1,2,1,1067.5,1067.5,1
B2B-D18029A3,NAVA,NAVA-01,2029-12-28,9,6,2,13.0,117.0,0
B2B-D1AD51A6,NAVA,NAVA-01,2029-12-28,6,4,1,122.0,732.0,0
B2B-D1AD51A6,OBRE,OBRE-01,2029-12-28,4,4,1,122.0,488.0,0
B2B-D1AF9CF8,OBRE,OBRE-01,2029-12-28,6,10,2,11.5,69.0,1
B2B-D1BE9D26,NAVA,NAVA-01,2029-12-28,11,12,4,19.0,209.0,1
B2B-D1BE9D26,OBRE,OBRE-01,2029-12-28,7,8,2,19.0,133.0,1
B2B-D21785AB,NAVA,NAVA-01,2029-12-28,144,84,26,5.0,720.0,0
B2B-D21785AB,OBRE,OBRE-01,2029-12-28,143,87,15,5.0,715.0,0
B2B-D238B5BE,NAVA,NAVA-01,2029-12-28,7,10,1,66.0,462.0,1
B2B-D238B5BE,OBRE,OBRE-01,2029-12-28,19,11,3,66.0,1254.0,0
B2B-D263E999,NAVA,NAVA-01,2029-12-28,2,1,1,1158.0,2316.0,0
B2B-D263E999,OBRE,OBRE-01,2029-12-28,3,3,1,1158.0,3474.0,0
B2B-D354BF4F,OBRE,OBRE-01,2029-12-28,6,4,1,309.0,1854.0,0
B2B-D3D18A57,NAVA,NAVA-01,2029-12-28,1,4,1,223.0,223.0,1
B2B-D3D18A57,OBRE,OBRE-01,2029-12-28,8,6,1,223.0,1784.0,0
B2B-D3E8A6C2,NAVA,NAVA-01,2029-12-28,18,21,4,1.0,18.0,1
B2B-D3E8A6C2,OBRE,OBRE-01,2029-12-28,25,53,12,1.0,25.0,1
B2B-D461DED1,OBRE,OBRE-01,2029-12-28,4,3,1,1309.0,5236.0,0
B2B-D49E40EE,NAVA,NAVA-01,2029-12-28,3,5,2,38.0,114.0,1
B2B-D4C9A58D,NAVA,NAVA-01,2029-12-28,71,56,18,10.0,710.0,0
B2B-D4C9A58D,OBRE,OBRE-01,2029-12-28,71,65,10,10.0,710.0,0
B2B-D4D3CD13,OBRE,OBRE-01,2029-12-28,9,7,1,40.0,360.0,0
B2B-D4D58281,OBRE,OBRE-01,2029-12-28,1,2,1,369.0,369.0,1
B2B-D4D74F87,NAVA,NAVA-01,2029-12-28,3,6,1,8.0,24.0,1
B2B-D4D74F87,OBRE,OBRE-01,2029-12-28,24,18,4,8.0,192.0,0
B2B-D5E9DFE3,NAVA,NAVA-01,2029-12-28,2,3,1,264.0,528.0,1
B2B-D5E9DFE3,OBRE,OBRE-01,2029-12-28,7,5,1,264.0,1848.0,0
B2B-D662D1E5,NAVA,NAVA-01,2029-12-28,8,8,2,6.0,48.0,0
B2B-D662D1E5,OBRE,OBRE-01,2029-12-28,13,10,2,6.0,78.0,0
B2B-D6C16DBC,NAVA,NAVA-01,2029-12-28,17,13,4,4.0,68.0,0
B2B-D709406E,OBRE,OBRE-01,2029-12-28,12,25,7,2.0,24.0,1
B2B-D72579EF,NAVA,NAVA-01,2029-12-28,16,15,4,8.0,128.0,0
B2B-D7A35F48,NAVA,NAVA-01,2029-12-28,108,99,19,2.0,216.0,0
B2B-D7A35F48,OBRE,OBRE-01,2029-12-28,86,104,26,2.0,172.0,1
B2B-D7CD0FC1,NAVA,NAVA-01,2029-12-28,4,6,2,32.0,128.0,1
B2B-D82950EB,NAVA,NAVA-01,2029-12-28,7,4,1,171.0,1197.0,0
B2B-D82950EB,OBRE,OBRE-01,2029-12-28,4,4,1,171.0,684.0,0
B2B-D85F0A8E,OBRE,OBRE-01,2029-12-28,8,6,1,208.5,1668.0,0
B2B-D8665F22,OBRE,OBRE-01,2029-12-28,4,5,1,463.0,1852.0,1
B2B-D89D44A2,OBRE,OBRE-01,2029-12-28,6,6,1,177.5,1065.0,0
B2B-D8CC3C69,NAVA,NAVA-01,2029-12-28,3,4,1,102.0,306.0,1
B2B-D8CC3C69,OBRE,OBRE-01,2029-12-28,5,6,1,102.0,510.0,1
B2B-D9C6EA60,OBRE,OBRE-01,2029-12-28,25,18,4,39.0,975.0,0
B2B-D9EC03AA,OBRE,OBRE-01,2029-12-28,7,4,1,595.0,4165.0,0
B2B-DA13923D,NAVA,NAVA-01,2029-12-28,3,3,1,416.0,1248.0,0
B2B-DA13923D,OBRE,OBRE-01,2029-12-28,4,3,1,416.0,1664.0,0
B2B-DA2A09ED,NAVA,NAVA-01,2029-12-28,3,3,1,606.0,1818.0,0
B2B-DA6AC7CE,NAVA,NAVA-01,2029-12-28,9,8,3,27.0,243.0,0
B2B-DACC110A,NAVA,NAVA-01,2029-12-28,4,8,3,42.5,170.0,1
B2B-DB2CFD3E,NAVA,NAVA-01,2029-12-28,10,7,2,42.0,420.0,0
B2B-DB2CFD3E,OBRE,OBRE-01,2029-12-28,5,8,2,42.0,210.0,1
B2B-DB51DCD4,NAVA,NAVA-01,2029-12-28,5,7,2,12.0,60.0,1
B2B-DC13D052,OBRE,OBRE-01,2029-12-28,7,4,1,181.0,1267.0,0
B2B-DC15D2CF,OBRE,OBRE-01,2029-12-28,6,17,4,21.0,126.0,1
B2B-DCFDE075,NAVA,NAVA-01,2029-12-28,3,6,1,16.0,48.0,1
B2B-DCFDE075,OBRE,OBRE-01,2029-12-28,51,45,7,16.0,816.0,0
B2B-DD55B896,OBRE,OBRE-01,2029-12-28,10,7,1,25.0,250.0,0
B2B-DEB10364,NAVA,NAVA-01,2029-12-28,14,32,9,1.0,14.0,1
B2B-DEB10364,OBRE,OBRE-01,2029-12-28,14,8,2,1.0,14.0,0
B2B-DF24C3A9,NAVA,NAVA-01,2029-12-28,7,4,1,125.0,875.0,0
B2B-DF24C3A9,OBRE,OBRE-01,2029-12-28,2,2,1,125.0,250.0,0
B2B-DF5FA370,OBRE,OBRE-01,2029-12-28,1,2,1,1406.0,1406.0,1
B2B-DF8D0E09,NAVA,NAVA-01,2029-12-28,29,46,15,28.0,812.0,1
B2B-DF8D0E09,OBRE,OBRE-01,2029-12-28,36,50,9,28.0,1008.0,1
B2B-DF8D601A,OBRE,OBRE-01,2029-12-28,3,3,1,141.0,423.0,0
B2B-DFFE454F,OBRE,OBRE-01,2029-12-28,19,18,4,5.0,95.0,0
B2B-E0380C88,NAVA,NAVA-01,2029-12-28,5,5,1,237.0,1185.0,0
B2B-E0380C88,OBRE,OBRE-01,2029-12-28,5,4,1,237.0,1185.0,0
B2B-E19F051B,NAVA,NAVA-01,2029-12-28,3,4,1,731.0,2193.0,1
B2B-E19F051B,OBRE,OBRE-01,2029-12-28,3,5,1,731.0,2193.0,1
B2B-E1F2A053,OBRE,OBRE-01,2029-12-28,4,8,1,25.0,100.0,1
B2B-E20339CF,OBRE,OBRE-01,2029-12-28,26,17,3,19.0,494.0,0
B2B-E2432DCB,NAVA,NAVA-01,2029-12-28,4,3,1,165.0,660.0,0
B2B-E2432DCB,OBRE,OBRE-01,2029-12-28,4,3,1,165.0,660.0,0
B2B-E258C78A,OBRE,OBRE-01,2029-12-28,3,2,1,926.0,2778.0,0
B2B-E268574C,OBRE,OBRE-01,2029-12-28,5,11,3,23.0,115.0,1
B2B-E26E1F8B,OBRE,OBRE-01,2029-12-28,1,2,1,477.0,477.0,1
B2B-E26ED0FC,NAVA,NAVA-01,2029-12-28,2,2,1,1218.5,2437.0,0
B2B-E2AA12B2,NAVA,NAVA-01,2029-12-28,4,9,4,112.0,448.0,1
B2B-E2ADEA6E,OBRE,OBRE-01,2029-12-28,14,25,6,1.0,14.0,1
B2B-E36BAA41,NAVA,NAVA-01,2029-12-28,4,3,2,3280.0,13120.0,0
B2B-E38A4FF7,NAVA,NAVA-01,2029-12-28,13,8,2,44.0,572.0,0
B2B-E38A4FF7,OBRE,OBRE-01,2029-12-28,3,8,2,44.0,132.0,1
B2B-E49C1366,NAVA,NAVA-01,2029-12-28,3,4,1,39.0,117.0,1
B2B-E49C1366,OBRE,OBRE-01,2029-12-28,10,13,2,39.0,390.0,1
B2B-E50C784C,OBRE,OBRE-01,2029-12-28,1,2,1,891.5,891.5,1
B2B-E54F5BFB,NAVA,NAVA-01,2029-12-28,5,3,1,639.0,3195.0,0
B2B-E54F5BFB,OBRE,OBRE-01,2029-12-28,2,1,1,639.0,1278.0,0
B2B-E551E3D9,OBRE,OBRE-01,2029-12-28,13,11,3,36.0,468.0,0
B2B-E55A9BAC,NAVA,NAVA-01,2029-12-28,8,6,2,68.0,544.0,0
B2B-E55A9BAC,OBRE,OBRE-01,2029-12-28,6,5,1,68.0,408.0,0
B2B-E5909E56,OBRE,OBRE-01,2029-12-28,1,3,1,657.5,657.5,1
B2B-E5E734B6,NAVA,NAVA-01,2029-12-28,7,11,2,18.0,126.0,1
B2B-E5E734B6,OBRE,OBRE-01,2029-12-28,33,25,3,18.0,594.0,0
B2B-E6711558,NAVA,NAVA-01,2029-12-28,11,11,4,14.0,154.0,0
B2B-E6BBD759,NAVA,NAVA-01,2029-12-28,28,20,6,40.0,1120.0,0
B2B-E6BBD759,OBRE,OBRE-01,2029-12-28,25,29,4,40.0,1000.0,1
B2B-E83528D3,OBRE,OBRE-01,2029-12-28,17,13,3,18.0,306.0,0
B2B-E86CF6B9,NAVA,NAVA-01,2029-12-28,17,14,5,25.0,425.0,0
B2B-E89BA7E1,NAVA,NAVA-01,2029-12-28,4,10,2,26.0,104.0,1
B2B-E89BA7E1,OBRE,OBRE-01,2029-12-28,9,11,3,26.0,234.0,1
B2B-E8C1677B,NAVA,NAVA-01,2029-12-28,24,34,13,17.0,408.0,1
B2B-E8ED4ACF,NAVA,NAVA-01,2029-12-28,4,3,1,92.0,368.0,0
B2B-E8ED4ACF,OBRE,OBRE-01,2029-12-28,3,4,1,92.0,276.0,1
B2B-E92D0D2C,NAVA,NAVA-01,2029-12-28,5,6,1,22.0,110.0,1
B2B-E92D0D2C,OBRE,OBRE-01,2029-12-28,11,15,3,22.0,242.0,1
B2B-E96B2896,OBRE,OBRE-01,2029-12-28,7,6,1,1168.0,8176.0,0
B2B-E9A9D44D,NAVA,NAVA-01,2029-12-28,4,7,1,10.0,40.0,1
B2B-E9A9D44D,OBRE,OBRE-01,2029-12-28,14,20,5,10.0,140.0,1
B2B-E9C117B5,NAVA,NAVA-01,2029-12-28,11,10,4,29.5,324.5,0
B2B-E9C117B5,OBRE,OBRE-01,2029-12-28,3,4,1,29.5,88.5,1
B2B-E9CE10F3,NAVA,NAVA-01,2029-12-28,8,8,3,32.0,256.0,0
B2B-E9CE10F3,OBRE,OBRE-01,2029-12-28,3,5,1,32.0,96.0,1
B2B-E9F73E8E,NAVA,NAVA-01,2029-12-28,2,2,1,217.5,435.0,0
B2B-E9F73E8E,OBRE,OBRE-01,2029-12-28,6,4,1,217.5,1305.0,0
B2B-EA11AA64,OBRE,OBRE-01,2029-12-28,2,2,1,354.0,708.0,0
B2B-EA627336,NAVA,NAVA-01,2029-12-28,1,1,1,1042.0,1042.0,0
B2B-EA627336,OBRE,OBRE-01,2029-12-28,2,1,1,1042.0,2084.0,0
B2B-EAA43C30,NAVA,NAVA-01,2029-12-28,17,27,8,13.0,221.0,1
B2B-EAA43C30,OBRE,OBRE-01,2029-12-28,48,32,4,13.0,624.0,0
B2B-EB3E348F,NAVA,NAVA-01,2029-12-28,23,20,8,16.0,368.0,0
B2B-EB8AF571,NAVA,NAVA-01,2029-12-28,29,30,6,29.0,841.0,1
B2B-EB8AF571,OBRE,OBRE-01,2029-12-28,78,48,10,29.0,2262.0,0
B2B-EBD755B2,NAVA,NAVA-01,2029-12-28,2,3,1,1110.0,2220.0,1
B2B-EBD755B2,OBRE,OBRE-01,2029-12-28,4,4,1,1110.0,4440.0,0
B2B-EC497BBE,NAVA,NAVA-01,2029-12-28,4,5,1,233.0,932.0,1
B2B-EC497BBE,OBRE,OBRE-01,2029-12-28,11,7,2,233.0,2563.0,0
B2B-EC63055B,NAVA,NAVA-01,2029-12-28,6,4,1,47.0,282.0,0
B2B-EC63055B,OBRE,OBRE-01,2029-12-28,4,6,2,47.0,188.0,1
B2B-EC81DC7C,OBRE,OBRE-01,2029-12-28,4,5,2,50.0,200.0,1
B2B-EC9BB3E5,NAVA,NAVA-01,2029-12-28,7,10,3,29.0,203.0,1
B2B-ECC94A5D,NAVA,NAVA-01,2029-12-28,4,6,1,51.0,204.0,1
B2B-ECC94A5D,OBRE,OBRE-01,2029-12-28,22,46,7,51.0,1122.0,1
B2B-ED5DB973,NAVA,NAVA-01,2029-12-28,13,11,4,13.0,169.0,0
B2B-ED8F7FA3,OBRE,OBRE-01,2029-12-28,2,4,1,49.0,98.0,1
B2B-EDD91D0C,NAVA,NAVA-01,2029-12-28,10,9,1,31.5,315.0,0
B2B-EDD91D0C,OBRE,OBRE-01,2029-12-28,44,49,7,31.5,1386.0,1
B2B-EDFE45C0,NAVA,NAVA-01,2029-12-28,9,14,5,57.0,513.0,1
B2B-EDFE45C0,OBRE,OBRE-01,2029-12-28,3,2,1,57.0,171.0,0
B2B-EEC9E61F,NAVA,NAVA-01,2029-12-28,12,9,3,29.0,348.0,0
B2B-EF8E3B1E,NAVA,NAVA-01,2029-12-28,11,11,1,35.0,385.0,0
B2B-EF8E3B1E,OBRE,OBRE-01,2029-12-28,8,11,2,35.0,280.0,1
B2B-F189A3CE,NAVA,NAVA-01,2029-12-28,11,8,3,70.0,770.0,0
B2B-F189A3CE,OBRE,OBRE-01,2029-12-28,7,9,2,70.0,490.0,1
B2B-F2572EF8,OBRE,OBRE-01,2029-12-28,6,6,2,82.0,492.0,0
B2B-F2723FD2,OBRE,OBRE-01,2029-12-28,4,8,2,5.0,20.0,1
B2B-F330AE22,NAVA,NAVA-01,2029-12-28,1,1,1,1841.0,1841.0,0
B2B-F330AE22,OBRE,OBRE-01,2029-12-28,1,2,1,1841.0,1841.0,1
B2B-F364EABF,NAVA,NAVA-01,2029-12-28,12,7,1,46.0,552.0,0
B2B-F364EABF,OBRE,OBRE-01,2029-12-28,9,13,3,46.0,414.0,1
B2B-F3789EF8,NAVA,NAVA-01,2029-12-28,10,6,2,175.0,1750.0,0
B2B-F39083CD,NAVA,NAVA-01,2029-12-28,1,2,1,2060.0,2060.0,1
B2B-F39083CD,OBRE,OBRE-01,2029-12-28,1,2,1,2060.0,2060.0,1
B2B-F488F9B3,NAVA,NAVA-01,2029-12-28,7,6,2,31.5,220.5,0
B2B-F488F9B3,OBRE,OBRE-01,2029-12-28,6,12,3,31.5,189.0,1
B2B-F492EBA6,NAVA,NAVA-01,2029-12-28,4,3,1,41.0,164.0,0
B2B-F492EBA6,OBRE,OBRE-01,2029-12-28,7,9,3,41.0,287.0,1
B2B-F4A5BEEB,NAVA,NAVA-01,2029-12-28,12,9,3,111.0,1332.0,0
B2B-F4AB29CC,OBRE,OBRE-01,2029-12-28,2,2,1,1311.5,2623.0,0
B2B-F4EE8201,NAVA,NAVA-01,2029-12-28,9,17,5,25.0,225.0,1
B2B-F4EE8201,OBRE,OBRE-01,2029-12-28,6,17,3,25.0,150.0,1
B2B-F53730EA,OBRE,OBRE-01,2029-12-28,6,11,2,42.0,252.0,1
B2B-F5C3BF14,NAVA,NAVA-01,2029-12-28,12,10,4,42.0,504.0,0
B2B-F61D0EE7,NAVA,NAVA-01,2029-12-28,35,42,11,19.0,665.0,1
B2B-F61D0EE7,OBRE,OBRE-01,2029-12-28,33,57,9,19.0,627.0,1
B2B-F633808F,NAVA,NAVA-01,2029-12-28,2,1,1,541.0,1082.0,0
B2B-F633808F,OBRE,OBRE-01,2029-12-28,3,2,1,541.0,1623.0,0
B2B-F65BA45B,NAVA,NAVA-01,2029-12-28,15,22,8,7.0,105.0,1
B2B-F740487B,OBRE,OBRE-01,2029-12-28,7,5,1,43.5,304.5,0
B2B-F765B750,OBRE,OBRE-01,2029-12-28,2,4,1,276.0,552.0,1
B2B-F7C748EA,NAVA,NAVA-01,2029-12-28,8,6,1,181.0,1448.0,0
B2B-F7C748EA,OBRE,OBRE-01,2029-12-28,4,5,1,181.0,724.0,1
B2B-F7DDE2F0,NAVA,NAVA-01,2029-12-28,7,6,1,226.0,1582.0,0
B2B-F7DDE2F0,OBRE,OBRE-01,2029-12-28,22,20,6,226.0,4972.0,0
B2B-F8230A64,NAVA,NAVA-01,2029-12-28,2,6,2,42.0,84.0,1
B2B-F92FCE43,NAVA,NAVA-01,2029-12-28,17,17,5,8.0,136.0,0
B2B-F95259BB,NAVA,NAVA-01,2029-12-28,8,5,1,15.0,120.0,0
B2B-F95259BB,OBRE,OBRE-01,2029-12-28,10,6,2,15.0,150.0,0
B2B-F987C50E,OBRE,OBRE-01,2029-12-28,3,6,2,139.0,417.0,1
B2B-F99F3BFB,OBRE,OBRE-01,2029-12-28,24,18,4,6.0,144.0,0
B2B-F9A4BA6E,OBRE,OBRE-01,2029-12-28,6,8,2,21.0,126.0,1
B2B-F9B6FF4B,NAVA,NAVA-01,2029-12-28,19,35,11,1.0,19.0,1
B2B-FA12BB62,NAVA,NAVA-01,2029-12-28,17,49,18,16.0,272.0,1
B2B-FA12BB62,OBRE,OBRE-01,2029-12-28,3,6,1,16.0,48.0,1
B2B-FA490675,OBRE,OBRE-01,2029-12-28,2,2,1,718.0,1436.0,0
B2B-FA9D6D70,NAVA,NAVA-01,2029-12-28,4,9,4,122.0,488.0,1
B2B-FAA4E3E1,OBRE,OBRE-01,2029-12-28,7,5,1,538.0,3766.0,0
B2B-FB5ADA9F,NAVA,NAVA-01,2029-12-28,7,5,2,22.0,154.0,0
B2B-FB5ADA9F,OBRE,OBRE-01,2029-12-28,3,4,1,22.0,66.0,1
B2B-FB5FED13,NAVA,NAVA-01,2029-12-28,19,11,3,35.0,665.0,0
B2B-FB5FED13,OBRE,OBRE-01,2029-12-28,14,8,2,35.0,490.0,0
B2B-FB626CAE,NAVA,NAVA-01,2029-12-28,34,31,11,5.0,170.0,0
B2B-FC2013A6,NAVA,NAVA-01,2029-12-28,7,14,5,22.0,154.0,1
B2B-FD0FD40D,NAVA,NAVA-01,2029-12-28,54,51,15,3.0,162.0,0
B2B-FD0FD40D,OBRE,OBRE-01,2029-12-28,22,60,9,3.0,66.0,1
B2B-FD3C9A91,NAVA,NAVA-01,2029-12-28,3,5,2,263.0,789.0,1
B2B-FD3C9A91,OBRE,OBRE-01,2029-12-28,2,4,1,263.0,526.0,1
B2B-FE06EA00,OBRE,OBRE-01,2029-12-28,8,18,5,4.0,32.0,1
B2B-FEAD1D8E,NAVA,NAVA-01,2029-12-28,1,1,1,716.0,716.0,0
B2B-FEAD1D8E,OBRE,OBRE-01,2029-12-28,6,5,1,716.0,4296.0,0
B2B-FEB41A36,NAVA,NAVA-01,2029-12-28,16,13,5,43.0,688.0,0
B2B-FEC8356A,NAVA,NAVA-01,2029-12-28,2,5,1,17.0,34.0,1
B2B-FEC8356A,OBRE,OBRE-01,2029-12-28,111,69,10,17.0,1887.0,0
B2B-FED2058E,NAVA,NAVA-01,2029-12-28,0,1,1,1296.0,0.0,1
B2B-FED2058E,OBRE,OBRE-01,2029-12-28,3,2,1,1296.0,3888.0,0
B2B-FF331A7F,NAVA,NAVA-01,2029-12-28,3,4,1,33.0,99.0,1
B2B-FF331A7F,OBRE,OBRE-01,2029-12-28,7,17,4,33.0,231.0,1
B2B-FF6C56FD,NAVA,NAVA-01,2029-12-28,23,34,7,6.0,138.0,1
B2B-FF6C56FD,OBRE,OBRE-01,2029-12-28,57,39,11,6.0,342.0,0
B2B-FF956A99,NAVA,NAVA-01,2029-12-28,9,13,5,87.0,783.0,1
B2B-FF956A99,OBRE,OBRE-01,2029-12-28,4,7,1,87.0,348.0,1
B2B-FFCB60E0,NAVA,NAVA-01,2029-12-28,34,22,3,1.0,34.0,0
B2B-FFCB60E0,OBRE,OBRE-01,2029-12-28,96,73,13,1.0,96.0,0
B2B-FFE335A4,NAVA,NAVA-01,2029-12-28,4,7,2,14.0,56.0,1
B2B-FFE335A4,OBRE,OBRE-01,2029-12-28,15,13,3,14.0,210.0,0
